Issue_Type,FB_Name,FB_Pos,FB_Minutes,SC_Name,SC_Position_Group,SC_Minutes,Mapping_Source,Top_Score,Gap_to_Second,Name_Score,Vector_Score,Minutes_Score,Candidate_Count,Notes,Match_Vector_Score
low_confidence_top_candidate,濱　託巳,DF,3247.0,Takumi Hama,Full Back,2873.88,auto_j3_outfield,92.36,10.28,83.33,97.13,88.51,8,"自動採用条件未達: score>=82.0, gap>=12.0, name>=70.0",87.36
low_confidence_top_candidate,髙橋　馨希,MF,2497.0,Hiroya Sueki,Midfield,2503.2,auto_j3_outfield,78.12,6.09,27.27,99.94,99.75,7,"自動採用条件未達: score>=82.0, gap>=12.0, name>=70.0",86.66
low_confidence_top_candidate,津久井　匠海,MF,2395.0,Kyota Mochii,Midfield,2650.89,auto_j3_outfield,80.19,2.96,41.38,97.59,90.35,8,"自動採用条件未達: score>=82.0, gap>=12.0, name>=70.0",85.84
low_confidence_top_candidate,泉　柊椰,MF,2897.0,Masato Kojima,Midfield,2668.86,auto_j3_outfield,78.9,3.14,35.71,98.03,92.12,6,"自動採用条件未達: score>=82.0, gap>=12.0, name>=70.0",84.29
low_confidence_top_candidate,小島　幹敏,MF,3420.0,Masato Kojima,Midfield,2668.86,auto_j3_outfield,85.64,7.0,68.97,94.51,78.04,6,"自動採用条件未達: score>=82.0, gap>=12.0, name>=70.0",84.29
low_confidence_top_candidate,持井　響太,MF,3071.0,Kyota Mochii,Midfield,2650.89,auto_j3_outfield,87.72,12.11,69.57,96.58,86.32,8,"自動採用条件未達: score>=82.0, gap>=12.0, name>=70.0",83.88
low_confidence_top_candidate,下口　稚葉,DF,2270.0,Rion Ichihara,Central Defender,2163.9,auto_j3_outfield,86.42,4.5,58.33,98.83,95.33,13,"自動採用条件未達: score>=82.0, gap>=12.0, name>=70.0",83.14
low_confidence_top_candidate,石川　俊輝,MF,2554.0,Toshiki Ishikawa,Midfield,1916.47,auto_j3_outfield,88.96,10.27,82.35,93.76,75.04,6,"自動採用条件未達: score>=82.0, gap>=12.0, name>=70.0",81.72
low_confidence_top_candidate,近藤　高虎,MF,2812.0,Hikaru Arai,Midfield,2246.53,auto_j3_outfield,79.22,5.48,46.15,94.97,79.89,8,"自動採用条件未達: score>=82.0, gap>=12.0, name>=70.0",80.0
low_confidence_top_candidate,村上　陽介,DF,2695.0,Yosuke Murakami,Central Defender,2259.57,auto_j3_outfield,95.32,10.6,96.77,95.96,83.84,13,"自動採用条件未達: score>=82.0, gap>=12.0, name>=70.0",79.56
low_confidence_top_candidate,大関　友翔,MF,2768.0,Yuto  Ozeki,Midfield,2306.19,auto_j3_outfield,85.36,15.99,64.0,95.83,83.32,7,"自動採用条件未達: score>=82.0, gap>=12.0, name>=70.0",77.78
low_confidence_top_candidate,阪野　豊史,FW,1240.0,Toyofumi Sakano,Center Forward,795.63,auto_j3_outfield,86.59,11.97,82.76,91.04,64.16,3,"自動採用条件未達: score>=82.0, gap>=12.0, name>=70.0",77.11
low_confidence_top_candidate,前澤　甲気,FW,3409.0,Kai  Sasaki,Center Forward,2725.36,auto_j3_outfield,68.69,11.81,51.85,71.43,79.95,5,"自動採用条件未達: score>=82.0, gap>=12.0, name>=70.0",76.09
low_confidence_top_candidate,青山　生,DF,1684.0,Ikiru Aoyama,Full Back,955.15,auto_j3_outfield,78.31,9.66,60.87,89.18,56.72,12,"自動採用条件未達: score>=82.0, gap>=12.0, name>=70.0",75.96
low_confidence_top_candidate,トーマス　モスキオン,MF,2293.0,Tomás Moschión,Midfield,1750.95,auto_j3_outfield,88.13,11.4,78.57,94.09,76.36,8,"自動採用条件未達: score>=82.0, gap>=12.0, name>=70.0",74.74
low_confidence_top_candidate,嫁阪　翔太,MF,1622.0,Kensei Nakashima,Midfield,4420.75,auto_j3_outfield,58.55,2.98,50.0,61.31,36.69,5,"自動採用条件未達: score>=82.0, gap>=12.0, name>=70.0",72.98
low_confidence_top_candidate,吉田　源太郎,MF,2944.0, Jimpei   Yoshida,Midfield,2865.05,auto_j3_outfield,81.45,21.49,60.0,87.92,97.32,5,"自動採用条件未達: score>=82.0, gap>=12.0, name>=70.0",71.71
low_confidence_top_candidate,浦上　仁騎,DF,2597.0,Niki Urakami,Central Defender,2159.51,auto_j3_outfield,86.13,0.94,66.67,95.79,83.15,13,"自動採用条件未達: score>=82.0, gap>=12.0, name>=70.0",71.26
low_confidence_top_candidate,深港　壮一郎,DF,2171.0,Soichiro Fukaminato,Central Defender,1692.12,auto_j3_outfield,87.43,4.79,75.0,94.49,77.94,11,"自動採用条件未達: score>=82.0, gap>=12.0, name>=70.0",71.16
low_confidence_top_candidate,池ヶ谷　颯斗,DF,2938.0,Hayato Ikegaya,Central Defender,1970.19,auto_j3_outfield,76.54,9.05,47.06,91.76,67.06,12,"自動採用条件未達: score>=82.0, gap>=12.0, name>=70.0",71.11
low_confidence_top_candidate,小暮　大器,MF,1502.0,Koki Matsubara,Midfield,995.07,auto_j3_outfield,73.78,4.2,38.46,91.56,66.25,8,"自動採用条件未達: score>=82.0, gap>=12.0, name>=70.0",70.8
low_confidence_top_candidate,東出　壮太,MF,1259.0,Hiroto Sese,Midfield,885.74,auto_j3_outfield,75.18,9.93,40.0,92.59,70.35,6,"自動採用条件未達: score>=82.0, gap>=12.0, name>=70.0",70.71
low_confidence_top_candidate,梶浦　勇輝,MF,3219.0,Keisuke Oyama,Midfield,3249.45,auto_j3_outfield,63.44,2.15,40.0,64.49,99.06,4,"自動採用条件未達: score>=82.0, gap>=12.0, name>=70.0",70.71
low_confidence_top_candidate,齊藤　隆成,DF,1793.0,Ryusei Saito,Central Defender,1101.99,auto_j3_outfield,79.6,8.92,61.54,90.37,61.46,12,"自動採用条件未達: score>=82.0, gap>=12.0, name>=70.0",69.29
low_confidence_top_candidate,世瀬　啓人,MF,1905.0,Hiroto Sese,Midfield,885.74,auto_j3_outfield,70.19,10.09,41.67,86.62,46.5,6,"自動採用条件未達: score>=82.0, gap>=12.0, name>=70.0",69.16
low_confidence_top_candidate,松岡　大智,MF,1583.0,Yosuke Kawai,Midfield,1236.77,auto_j3_outfield,78.3,3.42,44.44,94.53,78.13,7,"自動採用条件未達: score>=82.0, gap>=12.0, name>=70.0",68.97
low_confidence_top_candidate,桐　蒼太,MF,924.0,Koki Matsubara,Midfield,995.07,auto_j3_outfield,81.4,6.38,43.48,98.21,92.86,8,"自動採用条件未達: score>=82.0, gap>=12.0, name>=70.0",68.75
low_confidence_top_candidate,新垣　貴之,MF,1437.0,Yoshihiro Shoji,Midfield,1052.81,auto_j3_outfield,71.85,4.43,26.67,93.32,73.26,6,"自動採用条件未達: score>=82.0, gap>=12.0, name>=70.0",66.67
low_confidence_top_candidate,オニエ　オゴチュクウ,FW,1473.0,Promise Oniye Ugochukwu,Center Forward,639.44,auto_j3_outfield,75.84,2.39,62.86,85.85,43.41,5,"自動採用条件未達: score>=82.0, gap>=12.0, name>=70.0",66.0
low_confidence_top_candidate,大城　蛍,DF,1790.0,Kei Oshiro,Central Defender,786.72,auto_j3_outfield,75.37,3.98,60.87,85.99,43.95,10,"自動採用条件未達: score>=82.0, gap>=12.0, name>=70.0",65.47
low_confidence_top_candidate,堂鼻　起暉,DF,1677.0,Kazuki Dohana,Central Defender,977.5,auto_j3_outfield,82.63,6.06,74.07,89.57,58.29,9,"自動採用条件未達: score>=82.0, gap>=12.0, name>=70.0",65.29
low_confidence_top_candidate,マリソン,FW,1209.0,Marlyson Conceição Oliveira,Center Forward,780.5600000000001,auto_j3_outfield,72.44,5.21,35.29,91.14,64.56,8,"自動採用条件未達: score>=82.0, gap>=12.0, name>=70.0",63.74
low_confidence_top_candidate,松村　航希,FW,2099.0,Yusei Kayanuma,Center Forward,1551.89,auto_j3_outfield,71.75,2.11,25.81,93.48,73.93,5,"自動採用条件未達: score>=82.0, gap>=12.0, name>=70.0",63.67
low_confidence_top_candidate,アルトゥール　シルバ,MF,2360.0,Arthur Silva Feitoza,Midfield,1873.26,auto_j3_outfield,78.97,0.92,45.71,94.84,79.38,6,"自動採用条件未達: score>=82.0, gap>=12.0, name>=70.0",63.34
low_confidence_top_candidate,楠　大樹,MF,994.0,Hikaru Endo,Midfield,1179.67,auto_j3_outfield,78.38,20.12,40.0,96.07,84.26,6,"自動採用条件未達: score>=82.0, gap>=12.0, name>=70.0",63.09
low_confidence_top_candidate,牛之濵　拓,MF,2905.0,Haruki Izawa,Midfield,4064.1,auto_j3_outfield,71.58,0.36,47.62,81.06,71.48,9,"自動採用条件未達: score>=82.0, gap>=12.0, name>=70.0",63.01
low_confidence_top_candidate,坪川　潤之,MF,422.0,Hiroyuki Tsubokawa,Midfield,486.27,auto_j3_outfield,88.14,8.14,70.59,96.7,86.78,7,"自動採用条件未達: score>=82.0, gap>=12.0, name>=70.0",62.62
low_confidence_top_candidate,藤島　樹騎也,MF,1058.0,Atsushi  Kikutani,Midfield,1506.5,auto_j3_outfield,80.8,1.16,58.82,92.56,70.23,8,"自動採用条件未達: score>=82.0, gap>=12.0, name>=70.0",62.55
low_confidence_top_candidate,田中　陸,MF,2123.0,Yuzo Iwakami,Midfield,1242.79,auto_j3_outfield,73.44,4.22,43.48,89.5,58.54,10,"自動採用条件未達: score>=82.0, gap>=12.0, name>=70.0",62.05
low_confidence_top_candidate,布施谷　翔,MF,1333.0,Yosuke Kawai,Midfield,1236.77,auto_j3_outfield,82.19,6.26,46.15,98.2,92.78,7,"自動採用条件未達: score>=82.0, gap>=12.0, name>=70.0",61.95
low_confidence_top_candidate,椎名　伸志,MF,404.0,Naoki Inoue,Midfield,442.72,auto_j3_outfield,81.03,0.03,43.48,97.81,91.25,7,"自動採用条件未達: score>=82.0, gap>=12.0, name>=70.0",61.24
low_confidence_top_candidate,ブルーノ　サントス,FW,513.0,Bruno Santos de Oliveira,Center Forward,180.83,auto_j3_outfield,72.95,7.99,59.46,83.81,35.25,7,"自動採用条件未達: score>=82.0, gap>=12.0, name>=70.0",60.3
low_confidence_top_candidate,小川　真輝,DF,555.0,Masaki Ogawa,Full Back,133.74,auto_j3_outfield,79.82,10.5,90.91,81.02,24.1,10,"自動採用条件未達: score>=82.0, gap>=12.0, name>=70.0",60.3
low_confidence_top_candidate,増谷　幸祐,DF,1527.0,Kosuke Masutani,Central Defender,1131.44,auto_j3_outfield,86.98,10.44,76.47,93.52,74.1,10,"自動採用条件未達: score>=82.0, gap>=12.0, name>=70.0",60.25
low_confidence_top_candidate,山口　一真,MF,1154.0,Shusuke Yonehara,Midfield,2756.56,auto_j3_outfield,66.98,6.24,37.5,83.74,41.86,12,"自動採用条件未達: score>=82.0, gap>=12.0, name>=70.0",59.02
low_confidence_top_candidate,柳　雄太郎,MF,1732.0,Takahiro Nakazato,Midfield,1470.2,auto_j3_outfield,80.06,0.9,45.16,96.2,84.88,15,"自動採用条件未達: score>=82.0, gap>=12.0, name>=70.0",58.97
low_confidence_top_candidate,森　晃太,MF,5763.0,Kanta Jojo,Midfield,4471.13,auto_j3_outfield,78.69,1.01,52.63,90.66,77.58,9,"自動採用条件未達: score>=82.0, gap>=12.0, name>=70.0",58.88
low_confidence_top_candidate,石原　崇兆,MF,3760.0,Keisuke Oyama,Midfield,3249.45,auto_j3_outfield,70.14,0.38,42.86,78.15,86.42,5,"自動採用条件未達: score>=82.0, gap>=12.0, name>=70.0",58.78
low_confidence_top_candidate,普光院　誠,MF,4493.0,Daichi Soga,Midfield,4037.91,auto_j3_outfield,74.29,9.27,24.0,96.34,89.87,8,"自動採用条件未達: score>=82.0, gap>=12.0, name>=70.0",58.67
low_confidence_top_candidate,中島　賢星,MF,4969.0,Kensei Nakashima,Midfield,4420.75,auto_j3_outfield,82.66,3.42,52.63,96.1,88.97,5,"自動採用条件未達: score>=82.0, gap>=12.0, name>=70.0",58.59
low_confidence_top_candidate,國武　勇斗,MF,3086.0,Kensei Nakashima,Midfield,4420.75,auto_j3_outfield,71.87,0.37,42.42,84.92,69.81,5,"自動採用条件未達: score>=82.0, gap>=12.0, name>=70.0",58.16
low_confidence_top_candidate,内田　瑞己,DF,6271.0,Mizuki  Uchida,Full Back,6025.2,auto_j3_outfield,89.47,25.01,68.97,98.41,96.08,20,"自動採用条件未達: score>=82.0, gap>=12.0, name>=70.0",58.12
low_confidence_top_candidate,滝　裕太,MF,1777.0,Reo Yasunaga,Midfield,4517.77,auto_j3_outfield,66.49,0.72,38.1,82.95,39.33,8,"自動採用条件未達: score>=82.0, gap>=12.0, name>=70.0",58.09
low_confidence_top_candidate,常田　克人,DF,3839.0,Masato Tokida,Central Defender,3448.81,auto_j3_outfield,82.04,19.42,50.0,96.27,89.84,22,"自動採用条件未達: score>=82.0, gap>=12.0, name>=70.0",57.91
low_confidence_top_candidate,岡野　凜平,MF,4679.0,Shoma Takayoshi,Midfield,4463.65,auto_j3_outfield,79.97,4.31,37.04,98.69,95.4,9,"自動採用条件未達: score>=82.0, gap>=12.0, name>=70.0",57.37
low_confidence_top_candidate,城定　幹大,MF,4363.0,Kanta Jojo,Midfield,4471.13,auto_j3_outfield,82.73,4.3,44.44,99.3,97.58,9,"自動採用条件未達: score>=82.0, gap>=12.0, name>=70.0",57.0
low_confidence_top_candidate,山本　凌太郎,MF,846.0,Ryotaro Yamamoto,Midfield,610.13,auto_j3_outfield,91.02,11.32,91.43,93.03,72.12,8,"自動採用条件未達: score>=82.0, gap>=12.0, name>=70.0",56.8
low_confidence_top_candidate,森　勇人,MF,2493.0, Jimpei   Yoshida,Midfield,2865.05,auto_j3_outfield,78.87,6.72,40.0,96.48,87.01,7,"自動採用条件未達: score>=82.0, gap>=12.0, name>=70.0",56.67
low_confidence_top_candidate,荒木　大吾,MF,3726.0,Kodai Hagino,Midfield,3078.71,auto_j3_outfield,73.69,6.28,52.17,80.35,82.63,10,"自動採用条件未達: score>=82.0, gap>=12.0, name>=70.0",56.67
low_confidence_top_candidate,村越　凱光,MF,4352.0,Reo Yasunaga,Midfield,4517.77,auto_j3_outfield,79.19,0.45,37.5,96.75,96.33,8,"自動採用条件未達: score>=82.0, gap>=12.0, name>=70.0",56.52
low_confidence_top_candidate,藤春　廣輝,DF,5657.0,Hiroki Fujiharu,Full Back,4872.12,auto_j3_outfield,90.67,10.39,82.76,94.68,86.13,16,"自動採用条件未達: score>=82.0, gap>=12.0, name>=70.0",56.41
low_confidence_top_candidate,岡田　優希,MF,5942.0,Kensei Nakashima,Midfield,4420.75,auto_j3_outfield,77.36,0.38,46.15,92.44,74.4,5,"自動採用条件未達: score>=82.0, gap>=12.0, name>=70.0",56.13
low_confidence_top_candidate,生駒　稀生,DF,4978.0,Kei Ikoma,Full Back,4407.38,auto_j3_outfield,84.37,8.96,58.33,96.19,88.54,16,"自動採用条件未達: score>=82.0, gap>=12.0, name>=70.0",55.7
low_confidence_top_candidate,井澤　春輝,MF,4168.0,Haruki Izawa,Midfield,4064.1,auto_j3_outfield,89.28,11.04,66.67,99.1,97.51,9,"自動採用条件未達: score>=82.0, gap>=12.0, name>=70.0",55.61
low_confidence_top_candidate,端野　拓馬,DF,724.0,Takuma Hashino,Central Defender,169.73,auto_j3_outfield,75.47,0.31,76.92,80.86,23.44,11,"自動採用条件未達: score>=82.0, gap>=12.0, name>=70.0",55.47
low_confidence_top_candidate,横山　夢樹,MF,1555.0,Takafumi Yamada,Midfield,1191.1,auto_j3_outfield,80.1,0.67,51.61,94.15,76.6,8,"自動採用条件未達: score>=82.0, gap>=12.0, name>=70.0",55.38
low_confidence_top_candidate,柳下　大樹,DF,2405.0,Daiki Yagishita,Central Defender,1970.62,auto_j3_outfield,89.75,10.23,80.0,95.3,81.94,11,"自動採用条件未達: score>=82.0, gap>=12.0, name>=70.0",54.89
low_confidence_top_candidate,前川　大河,MF,3536.0, Jimpei   Yoshida,Midfield,2865.05,auto_j3_outfield,76.36,1.46,37.04,94.51,81.03,7,"自動採用条件未達: score>=82.0, gap>=12.0, name>=70.0",54.77
low_confidence_top_candidate,西田　恵,MF,1174.0,Kensei Nakashima,Midfield,4420.75,auto_j3_outfield,54.1,6.07,53.33,52.77,26.56,4,"自動採用条件未達: score>=82.0, gap>=12.0, name>=70.0",54.6
low_confidence_top_candidate,橋本　陸斗,MF,1701.0,Atsushi  Kikutani,Midfield,1506.5,auto_j3_outfield,83.73,2.73,54.55,97.14,88.57,8,"自動採用条件未達: score>=82.0, gap>=12.0, name>=70.0",54.43
low_confidence_top_candidate,小澤　秀充,MF,5391.0,Daichi Soga,Midfield,4037.91,auto_j3_outfield,75.41,12.4,38.46,93.03,74.9,8,"自動採用条件未達: score>=82.0, gap>=12.0, name>=70.0",54.39
low_confidence_top_candidate,杉井　颯,DF,6035.0,Hayate Sugii,Full Back,5704.11,auto_j3_outfield,88.56,28.14,69.57,96.61,94.52,20,"自動採用条件未達: score>=82.0, gap>=12.0, name>=70.0",53.9
low_confidence_top_candidate,山本　康裕,MF,5066.0,Kosuke Yamamoto,Midfield,4661.26,auto_j3_outfield,88.34,11.01,68.75,97.14,92.01,8,"自動採用条件未達: score>=82.0, gap>=12.0, name>=70.0",53.75
low_confidence_top_candidate,魚里　直哉,MF,730.0,Hikaru Endo,Midfield,1179.67,auto_j3_outfield,69.06,7.58,26.09,90.47,61.88,6,"自動採用条件未達: score>=82.0, gap>=12.0, name>=70.0",53.03
low_confidence_top_candidate,冨永　虹七,FW,931.0,Niina Tominaga,Center Forward,569.44,auto_j3_outfield,82.24,3.76,70.59,90.29,61.16,10,"自動採用条件未達: score>=82.0, gap>=12.0, name>=70.0",53.03
low_confidence_top_candidate,高橋　峻希,DF,1313.0,Shunki Takahashi,Full Back,958.51,auto_j3_outfield,87.79,8.17,80.0,93.25,73.0,13,"自動採用条件未達: score>=82.0, gap>=12.0, name>=70.0",52.98
low_confidence_top_candidate,伊藤　恵亮,MF,2099.0,Yuzo Iwakami,Midfield,1242.79,auto_j3_outfield,68.33,1.43,38.1,82.65,59.21,10,"自動採用条件未達: score>=82.0, gap>=12.0, name>=70.0",52.8
low_confidence_top_candidate,常安　澪,MF,408.0,Aria Jasuru Hasegawa,Midfield,331.76,auto_j3_outfield,74.74,2.2,30.3,95.23,81.31,8,"自動採用条件未達: score>=82.0, gap>=12.0, name>=70.0",52.76
low_confidence_top_candidate,永田　一真,MF,5040.0,Kazuma Nagata,Midfield,4518.01,auto_j3_outfield,83.16,20.96,53.85,96.24,89.64,9,"自動採用条件未達: score>=82.0, gap>=12.0, name>=70.0",52.16
low_confidence_top_candidate,文　仁柱,MF,4746.0,Ryo  Nishitani,Midfield,4387.56,auto_j3_outfield,80.6,0.81,41.38,97.96,92.45,10,"自動採用条件未達: score>=82.0, gap>=12.0, name>=70.0",51.43
low_confidence_top_candidate,小松　寛太,MF,558.0,Koki Matsubara,Midfield,995.07,auto_j3_outfield,79.9,7.04,66.67,89.02,56.08,8,"自動採用条件未達: score>=82.0, gap>=12.0, name>=70.0",51.19
low_confidence_top_candidate,安藤　由翔,MF,2800.0,Koki Maezawa,Midfield,2334.99,auto_j3_outfield,70.08,5.39,16.0,94.11,83.39,9,"自動採用条件未達: score>=82.0, gap>=12.0, name>=70.0",51.01
low_confidence_top_candidate,百田　真登,FW,3327.0,Manato Hyakuda,Center Forward,2637.23,auto_j3_outfield,75.28,0.3,40.0,91.06,79.27,11,"自動採用条件未達: score>=82.0, gap>=12.0, name>=70.0",50.52
low_confidence_top_candidate,忽那　喬司,MF,2887.0,Shuntaro Koga,Midfield,3731.97,auto_j3_outfield,75.41,12.37,50.0,85.91,77.36,9,"自動採用条件未達: score>=82.0, gap>=12.0, name>=70.0",50.42
low_confidence_top_candidate,大武　峻,DF,632.0,Shun Obu,Central Defender,398.97,auto_j3_outfield,81.52,4.14,66.67,90.78,63.13,12,"自動採用条件未達: score>=82.0, gap>=12.0, name>=70.0",48.99
low_confidence_top_candidate,力安　祥伍,MF,4899.0,Shogo Rikiyasu,Midfield,4554.16,auto_j3_outfield,81.66,3.61,46.67,96.86,92.96,8,"自動採用条件未達: score>=82.0, gap>=12.0, name>=70.0",47.89
low_confidence_top_candidate,上畑　佑平士,MF,3869.0,Uheiji Uehata,Midfield,3592.78,auto_j3_outfield,87.03,12.53,64.71,96.79,92.86,9,"自動採用条件未達: score>=82.0, gap>=12.0, name>=70.0",47.79
low_confidence_top_candidate,富所　悠,MF,5180.0,Yuta Sato,Midfield,4017.54,auto_j3_outfield,78.47,6.38,45.45,94.38,77.56,8,"自動採用条件未達: score>=82.0, gap>=12.0, name>=70.0",47.63
low_confidence_top_candidate,岩渕　良太,MF,1709.0,Kosei Okazawa,Midfield,2071.5,auto_j3_outfield,73.28,7.2,28.57,93.19,82.5,8,"自動採用条件未達: score>=82.0, gap>=12.0, name>=70.0",47.15
low_confidence_top_candidate,庄司　悦大,MF,1884.0,Yoshihiro Shoji,Midfield,1052.81,auto_j3_outfield,75.85,12.55,53.33,88.97,55.88,6,"自動採用条件未達: score>=82.0, gap>=12.0, name>=70.0",47.14
low_confidence_top_candidate,植田　悠太,DF,381.0,Yuta Ueda,Full Back,16.15,auto_j3_outfield,77.97,5.67,100.0,76.06,4.24,13,"自動採用条件未達: score>=82.0, gap>=12.0, name>=70.0",47.14
low_confidence_top_candidate,幸喜　祐心,MF,1287.0,Yushin Koki,Midfield,983.38,auto_j3_outfield,79.5,11.02,56.25,90.35,76.41,8,"自動採用条件未達: score>=82.0, gap>=12.0, name>=70.0",46.77
low_confidence_top_candidate,小西　陽向,MF,2139.0,Koken Kato,Midfield,1057.62,auto_j3_outfield,73.33,10.61,50.0,87.28,49.44,9,"自動採用条件未達: score>=82.0, gap>=12.0, name>=70.0",46.73
low_confidence_top_candidate,音泉　翔眞,MF,6105.0,Kazuma Nagata,Midfield,4518.01,auto_j3_outfield,74.97,17.6,40.0,91.49,74.01,9,"自動採用条件未達: score>=82.0, gap>=12.0, name>=70.0",46.62
low_confidence_top_candidate,イ　ヨンジェ,FW,414.0,Yong-Jae Lee,Center Forward,376.94,auto_j3_outfield,84.61,8.53,55.56,97.76,91.05,8,"自動採用条件未達: score>=82.0, gap>=12.0, name>=70.0",46.36
low_confidence_top_candidate,下堂　竜聖,DF,956.0,Atsushi Nabeta,Central Defender,828.8,auto_j3_outfield,77.53,1.43,35.29,96.67,86.69,10,"自動採用条件未達: score>=82.0, gap>=12.0, name>=70.0",46.29
low_confidence_top_candidate,西谷　亮,FW,4330.0,Daigo Araki,Wide Attacker,2994.17,auto_j3_outfield,69.71,6.71,38.46,83.19,69.15,13,"自動採用条件未達: score>=82.0, gap>=12.0, name>=70.0",46.29
low_confidence_top_candidate,大迫　暁,DF,998.0,Akira Osako,Full Back,807.41,auto_j3_outfield,87.21,6.11,72.0,95.23,80.9,10,"自動採用条件未達: score>=82.0, gap>=12.0, name>=70.0",46.23
low_confidence_top_candidate,高安　孝幸,DF,1052.0,Takayuki Takayasu,Full Back,505.95,auto_j3_outfield,88.06,4.67,100.0,87.02,48.09,10,"自動採用条件未達: score>=82.0, gap>=12.0, name>=70.0",46.16
low_confidence_top_candidate,森　夢真,MF,3450.0,Kosei Numata,Midfield,3035.78,auto_j3_outfield,77.85,4.87,40.0,94.33,87.99,11,"自動採用条件未達: score>=82.0, gap>=12.0, name>=70.0",46.15
low_confidence_top_candidate,山脇　樺織,DF,5236.0,Kaoru Yamawaki,Full Back,4997.62,auto_j3_outfield,92.24,8.55,78.79,98.2,95.45,12,"自動採用条件未達: score>=82.0, gap>=12.0, name>=70.0",46.01
low_confidence_top_candidate,三田　尚希,MF,3414.0,Shuntaro Koga,Midfield,3731.97,auto_j3_outfield,66.82,1.22,34.78,75.46,91.48,9,"自動採用条件未達: score>=82.0, gap>=12.0, name>=70.0",45.68
low_confidence_top_candidate,大山　武蔵,MF,787.0,Shunta Sera,Midfield,703.13,auto_j3_outfield,80.05,5.09,41.67,97.34,89.34,7,"自動採用条件未達: score>=82.0, gap>=12.0, name>=70.0",45.64
low_confidence_top_candidate,利根　瑠偉,MF,1976.0,Sang-Ho Woo,Midfield,2512.22,auto_j3_outfield,75.04,3.48,33.33,94.56,78.66,7,"自動採用条件未達: score>=82.0, gap>=12.0, name>=70.0",45.19
low_confidence_top_candidate,加藤　弘堅,MF,1324.0,Koken Kato,Midfield,1057.62,auto_j3_outfield,85.99,13.58,69.23,94.68,79.88,9,"自動採用条件未達: score>=82.0, gap>=12.0, name>=70.0",45.13
low_confidence_top_candidate,阿野　真拓,MF,4947.0,Kojiro Yasuda,Midfield,4959.65,auto_j3_outfield,82.58,5.0,50.0,95.39,99.74,8,"自動採用条件未達: score>=82.0, gap>=12.0, name>=70.0",43.8
low_confidence_top_candidate,脇本　晃成,MF,1420.0,Yosuke Kawai,Midfield,1236.77,auto_j3_outfield,77.03,0.98,33.33,96.77,87.1,7,"自動採用条件未達: score>=82.0, gap>=12.0, name>=70.0",43.05
low_confidence_top_candidate,若林　龍,MF,804.0,Yuzo Iwakami,Midfield,1242.79,auto_j3_outfield,79.66,7.02,59.26,91.17,64.69,6,"自動採用条件未達: score>=82.0, gap>=12.0, name>=70.0",42.92
low_confidence_top_candidate,山中　麗央,MF,3609.0,Shuntaro Koga,Midfield,3731.97,auto_j3_outfield,80.78,11.62,43.48,96.28,96.7,9,"自動採用条件未達: score>=82.0, gap>=12.0, name>=70.0",41.32
low_confidence_top_candidate,近藤　貴司,MF,3539.0,Shuntaro Koga,Midfield,3731.97,auto_j3_outfield,71.8,4.67,37.04,83.08,94.83,9,"自動採用条件未達: score>=82.0, gap>=12.0, name>=70.0",40.57
low_confidence_top_candidate,弓場　堅真,MF,1662.0,Tomás Moschión,Midfield,1750.95,auto_j3_outfield,78.51,5.92,32.26,98.73,94.92,8,"自動採用条件未達: score>=82.0, gap>=12.0, name>=70.0",40.25
low_confidence_top_candidate,佐藤　碧,MF,5024.0,Kazuma Nagata,Midfield,4518.01,auto_j3_outfield,78.2,14.92,36.36,96.73,89.93,9,"自動採用条件未達: score>=82.0, gap>=12.0, name>=70.0",39.99
low_confidence_top_candidate,北　龍磨,MF,4275.0,Ryoma  Kita,Midfield,4422.24,auto_j3_outfield,97.75,10.85,95.24,99.07,96.67,10,"自動採用条件未達: score>=82.0, gap>=12.0, name>=70.0",39.98
low_confidence_top_candidate,松長根　悠仁,DF,4773.0,Yuto  Matsunagane,Full Back,4550.22,auto_j3_outfield,91.19,10.73,75.68,97.98,95.33,12,"自動採用条件未達: score>=82.0, gap>=12.0, name>=70.0",39.76
low_confidence_top_candidate,松本　歩夢,MF,926.0,Yoshihiro Shoji,Midfield,1052.81,auto_j3_outfield,75.21,7.91,26.67,96.94,87.96,10,"自動採用条件未達: score>=82.0, gap>=12.0, name>=70.0",39.63
low_confidence_top_candidate,佐古　真礼,DF,1244.0,Maaya Sako,Central Defender,802.68,auto_j3_outfield,79.34,1.32,58.33,91.13,64.52,13,"自動採用条件未達: score>=82.0, gap>=12.0, name>=70.0",39.53
low_confidence_top_candidate,丸山　壮大,MF,4213.0,Daichi Soga,Midfield,4037.91,auto_j3_outfield,81.01,12.9,40.0,98.9,95.84,8,"自動採用条件未達: score>=82.0, gap>=12.0, name>=70.0",39.44
low_confidence_top_candidate,パク　スビン,MF,642.0,Su-bin Park,Midfield,396.42,auto_j3_outfield,85.2,1.92,80.0,90.44,61.75,6,"自動採用条件未達: score>=82.0, gap>=12.0, name>=70.0",39.28
low_confidence_top_candidate,道本　大飛,MF,1038.0,Hiroto Domoto,Midfield,834.0799999999999,auto_j3_outfield,77.59,7.15,48.28,90.52,80.35,15,"自動採用条件未達: score>=82.0, gap>=12.0, name>=70.0",39.13
low_confidence_top_candidate,妹尾　直哉,MF,1123.0,Mizuki  Kaburaki,Midfield,986.51,auto_j3_outfield,76.43,8.92,33.33,95.47,87.85,9,"自動採用条件未達: score>=82.0, gap>=12.0, name>=70.0",39.09
low_confidence_top_candidate,嶋田　慎太郎,MF,2071.0,Andrew Kumagai,Midfield,1823.09,auto_j3_outfield,77.49,6.06,38.71,94.38,88.03,5,"自動採用条件未達: score>=82.0, gap>=12.0, name>=70.0",38.65
low_confidence_top_candidate,塚元　大,MF,429.0,Shunya Mouri,Midfield,1020.8,auto_j3_outfield,60.4,10.98,48.0,65.0,42.03,5,"自動採用条件未達: score>=82.0, gap>=12.0, name>=70.0",38.58
low_confidence_top_candidate,田中　康介,MF,2658.0,Shuntaro Koga,Midfield,3731.97,auto_j3_outfield,73.76,4.75,46.15,86.13,71.22,9,"自動採用条件未達: score>=82.0, gap>=12.0, name>=70.0",38.49
low_confidence_top_candidate,江口　直生,MF,1729.0,Nao Eguchi,Midfield,1720.24,auto_j3_outfield,88.85,18.0,64.0,99.42,99.49,7,"自動採用条件未達: score>=82.0, gap>=12.0, name>=70.0",38.03
low_confidence_top_candidate,井上　怜,MF,3851.0,Shogo Rikiyasu,Midfield,4554.16,auto_j3_outfield,75.57,5.46,34.78,93.62,84.56,8,"自動採用条件未達: score>=82.0, gap>=12.0, name>=70.0",37.89
low_confidence_top_candidate,平原　隆暉,MF,917.0,Kohei Kiyama,Midfield,1121.45,auto_j3_outfield,80.21,6.88,48.28,95.3,81.77,9,"自動採用条件未達: score>=82.0, gap>=12.0, name>=70.0",37.8
low_confidence_top_candidate,小泉　隆斗,DF,469.0,Ryuto Koizumi,Full Back,609.22,auto_j3_outfield,80.67,4.96,64.52,87.72,76.98,10,"自動採用条件未達: score>=82.0, gap>=12.0, name>=70.0",37.8
low_confidence_top_candidate,川西　翔太,MF,3037.0,Kazuki Iwamoto,Midfield,3175.96,auto_j3_outfield,78.92,2.31,40.0,94.92,95.62,7,"自動採用条件未達: score>=82.0, gap>=12.0, name>=70.0",36.98
low_confidence_top_candidate,土館　賢人,MF,331.0,Kento Dodate,Midfield,327.28,auto_j3_outfield,82.16,11.92,41.38,99.72,98.88,8,"自動採用条件未達: score>=82.0, gap>=12.0, name>=70.0",36.51
low_confidence_top_candidate,宮部　大己,DF,3346.0,Taiki Miyabe,Central Defender,3780.38,auto_j3_outfield,86.64,6.97,64.29,97.12,88.51,16,"自動採用条件未達: score>=82.0, gap>=12.0, name>=70.0",36.05
low_confidence_top_candidate,加藤　匠人,MF,770.0,Takuto Kato,Midfield,470.29,auto_j3_outfield,81.82,9.4,69.23,90.27,61.08,7,"自動採用条件未達: score>=82.0, gap>=12.0, name>=70.0",35.63
low_confidence_top_candidate,大渕　来珠,MF,440.0,Hikaru Endo,Midfield,1179.67,auto_j3_outfield,67.58,1.73,40.0,84.32,37.3,6,"自動採用条件未達: score>=82.0, gap>=12.0, name>=70.0",35.36
low_confidence_top_candidate,二階堂　正哉,DF,3819.0,Seiya Nikaido,Central Defender,3772.83,auto_j3_outfield,93.08,9.83,78.57,99.29,98.79,17,"自動採用条件未達: score>=82.0, gap>=12.0, name>=70.0",35.14
low_confidence_top_candidate,ヴァンイヤーデン　ショーン,DF,1215.0,Yutaro Yanagi,Central Defender,1207.67,auto_j3_outfield,81.37,7.07,44.44,96.34,99.4,23,"自動採用条件未達: score>=82.0, gap>=12.0, name>=70.0",34.64
low_confidence_top_candidate,國分　将,MF,1645.0,Mizuki  Kaburaki,Midfield,986.51,auto_j3_outfield,71.9,1.01,37.04,89.99,59.97,9,"自動採用条件未達: score>=82.0, gap>=12.0, name>=70.0",34.43
low_confidence_top_candidate,脇坂　崚平,MF,1483.0,Takahiro Nakazato,Midfield,1470.2,auto_j3_outfield,84.04,1.45,50.0,98.32,99.14,12,"自動採用条件未達: score>=82.0, gap>=12.0, name>=70.0",34.41
low_confidence_top_candidate,綿引　康,DF,1912.0,Ko Watahiki,Central Defender,1958.99,auto_j3_outfield,86.62,8.05,59.26,98.24,97.6,19,"自動採用条件未達: score>=82.0, gap>=12.0, name>=70.0",34.05
low_confidence_top_candidate,福井　和樹,MF,2496.0,Yudai Tokunaga,Midfield,3334.3,auto_j3_outfield,75.38,0.16,38.46,92.99,74.86,10,"自動採用条件未達: score>=82.0, gap>=12.0, name>=70.0",33.5
low_confidence_top_candidate,増田　隼司,MF,4144.0,Seigo Takei,Midfield,4220.43,auto_j3_outfield,75.54,4.98,23.53,97.43,98.19,7,"自動採用条件未達: score>=82.0, gap>=12.0, name>=70.0",33.48
low_confidence_top_candidate,雪江　悠人,DF,3623.0,Hiroto Yukie,Central Defender,3776.0,auto_j3_outfield,90.84,11.06,72.73,98.9,95.95,11,"自動採用条件未達: score>=82.0, gap>=12.0, name>=70.0",33.35
low_confidence_top_candidate,眞鍋　旭輝,DF,1274.0,Hikaru Manabe,Central Defender,1604.84,auto_j3_outfield,87.47,7.88,74.07,94.82,79.38,16,"自動採用条件未達: score>=82.0, gap>=12.0, name>=70.0",33.33
low_confidence_top_candidate,安藤　一哉,MF,2562.0,Shuntaro Koga,Midfield,3731.97,auto_j3_outfield,74.79,7.81,40.0,92.16,68.65,9,"自動採用条件未達: score>=82.0, gap>=12.0, name>=70.0",33.2
low_confidence_top_candidate,小島　秀仁,MF,1579.0,Shuto Kojima,Midfield,922.65,auto_j3_outfield,84.44,2.93,80.0,89.61,58.43,8,"自動採用条件未達: score>=82.0, gap>=12.0, name>=70.0",32.9
low_confidence_top_candidate,生地　慶充,MF,1161.0,Yoshihiro Shoji,Midfield,1052.81,auto_j3_outfield,82.99,22.81,57.14,93.8,90.68,10,"自動採用条件未達: score>=82.0, gap>=12.0, name>=70.0",32.73
low_confidence_top_candidate,佐相　壱明,DF,1890.0,Kazuaki Mawatari,Full Back,1085.72,auto_j3_outfield,78.49,4.57,62.07,88.7,57.45,16,"自動採用条件未達: score>=82.0, gap>=12.0, name>=70.0",31.95
low_confidence_top_candidate,安田　虎士朗,MF,5255.0,Kojiro Yasuda,Midfield,4959.65,auto_j3_outfield,88.94,7.22,70.97,96.55,94.38,8,"自動採用条件未達: score>=82.0, gap>=12.0, name>=70.0",31.31
low_confidence_top_candidate,坂井　駿也,MF,2148.0,Shogo Rikiyasu,Midfield,4554.16,auto_j3_outfield,69.2,0.25,38.46,86.42,47.17,8,"自動採用条件未達: score>=82.0, gap>=12.0, name>=70.0",31.25
low_confidence_top_candidate,禹　相皓,MF,2717.0,Sang-Ho Woo,Midfield,2512.22,auto_j3_outfield,81.77,6.76,47.06,96.93,92.46,7,"自動採用条件未達: score>=82.0, gap>=12.0, name>=70.0",30.79
low_confidence_top_candidate,前田　泰良,MF,1589.0,Takumi Nishiyama,Midfield,2016.1,auto_j3_outfield,74.63,2.31,47.06,85.83,78.82,10,"自動採用条件未達: score>=82.0, gap>=12.0, name>=70.0",30.62
low_confidence_top_candidate,若谷　拓海,MF,385.0,Takumi Wakaya,Midfield,99.65,auto_j3_outfield,73.64,10.73,68.97,81.47,25.88,7,"自動採用条件未達: score>=82.0, gap>=12.0, name>=70.0",30.15
low_confidence_top_candidate,秋山　陽介,MF,450.0,Tomohiko Miyazaki,Midfield,489.44,auto_j3_outfield,78.95,0.71,37.5,97.12,91.94,7,"自動採用条件未達: score>=82.0, gap>=12.0, name>=70.0",29.81
low_confidence_top_candidate,佐々木　陽次,MF,704.0,Yoji Sasaki,Midfield,443.48,auto_j3_outfield,90.18,9.77,95.65,90.75,62.99,7,"自動採用条件未達: score>=82.0, gap>=12.0, name>=70.0",29.42
low_confidence_top_candidate,木匠　貴大,MF,1853.0,Asahi Haga,Midfield,1659.97,auto_j3_outfield,79.23,4.57,42.86,95.02,89.58,7,"自動採用条件未達: score>=82.0, gap>=12.0, name>=70.0",28.87
low_confidence_top_candidate,伊藤　拓巳,MF,628.0,Naoki Inoue,Midfield,442.72,auto_j3_outfield,80.36,2.83,57.14,92.62,70.5,7,"自動採用条件未達: score>=82.0, gap>=12.0, name>=70.0",28.01
low_confidence_top_candidate,喜山　康平,MF,1676.0,Kohei Kiyama,Midfield,1121.45,auto_j3_outfield,86.37,8.78,96.0,82.47,66.91,9,"自動採用条件未達: score>=82.0, gap>=12.0, name>=70.0",27.4
low_confidence_top_candidate,金城　ジャスティン俊樹,MF,547.0,Rio Yoshitake,Midfield,225.03,auto_j3_outfield,69.8,2.98,44.44,85.28,41.14,6,"自動採用条件未達: score>=82.0, gap>=12.0, name>=70.0",26.97
low_confidence_top_candidate,竹内　悠力,DF,628.0,Yuri Takeuchi,Central Defender,390.92,auto_j3_outfield,83.82,10.39,75.0,90.56,62.25,13,"自動採用条件未達: score>=82.0, gap>=12.0, name>=70.0",26.73
low_confidence_top_candidate,青木　拓矢,MF,777.0,Takuya Aoki,Midfield,122.1,auto_j3_outfield,80.61,7.4,100.0,78.93,15.71,6,"自動採用条件未達: score>=82.0, gap>=12.0, name>=70.0",26.73
low_confidence_top_candidate,ファビアン　ゴンザレス,FW,388.0,Fabián Andrés González Lasso,Center Forward,474.44,auto_j3_outfield,83.54,27.36,59.09,95.45,81.78,4,"自動採用条件未達: score>=82.0, gap>=12.0, name>=70.0",26.67
low_confidence_top_candidate,毛利　駿也,DF,867.0,Fuga  Sakurai,Full Back,669.41,auto_j3_outfield,75.17,3.35,50.0,85.48,77.21,13,"自動採用条件未達: score>=82.0, gap>=12.0, name>=70.0",26.52
low_confidence_top_candidate,田村　亮介,MF,2390.0,Rin Morita,Midfield,1616.72,auto_j3_outfield,71.39,0.23,32.0,90.44,67.65,5,"自動採用条件未達: score>=82.0, gap>=12.0, name>=70.0",25.58
low_confidence_top_candidate,土信田　悠生,FW,2519.0,Yusei  Toshida,Center Forward,2526.83,auto_j3_outfield,86.63,5.46,57.14,99.08,99.69,10,"自動採用条件未達: score>=82.0, gap>=12.0, name>=70.0",25.48
low_confidence_top_candidate,田代　真一,DF,2249.0,Masakazu Tashiro,Central Defender,2277.36,auto_j3_outfield,86.47,14.94,56.25,99.46,98.75,19,"自動採用条件未達: score>=82.0, gap>=12.0, name>=70.0",24.91
low_confidence_top_candidate,大竹　優心,MF,351.0,Kento Dodate,Midfield,327.28,auto_j3_outfield,81.78,8.0,44.44,98.31,93.24,8,"自動採用条件未達: score>=82.0, gap>=12.0, name>=70.0",24.49
low_confidence_top_candidate,山本　宗太朗,MF,1184.0,Rin Morita,Midfield,1616.72,auto_j3_outfield,69.85,1.41,38.46,82.68,73.23,5,"自動採用条件未達: score>=82.0, gap>=12.0, name>=70.0",23.84
low_confidence_top_candidate,伊川　拓,MF,1314.0,Daichi Soga,Midfield,4037.91,auto_j3_outfield,65.18,4.83,38.1,81.72,32.54,8,"自動採用条件未達: score>=82.0, gap>=12.0, name>=70.0",23.15
low_confidence_top_candidate,加藤　大樹,MF,1948.0,Andrew Kumagai,Midfield,1823.09,auto_j3_outfield,76.05,8.22,33.33,93.64,93.59,5,"自動採用条件未達: score>=82.0, gap>=12.0, name>=70.0",23.09
low_confidence_top_candidate,藤嵜　智貴,DF,1027.0,Tomoki Fujisaki,Central Defender,642.94,auto_j3_outfield,81.93,11.02,68.42,90.65,62.6,10,"自動採用条件未達: score>=82.0, gap>=12.0, name>=70.0",23.01
low_confidence_top_candidate,鍵山　慶司,DF,312.0,Takayuki Takayasu,Full Back,505.95,auto_j3_outfield,74.73,10.28,45.16,90.42,61.67,10,"自動採用条件未達: score>=82.0, gap>=12.0, name>=70.0",22.36
low_confidence_top_candidate,左合　修土,DF,1987.0,Shuto Sago,Central Defender,2208.0,auto_j3_outfield,80.55,0.14,42.86,97.5,89.99,20,"自動採用条件未達: score>=82.0, gap>=12.0, name>=70.0",20.41
low_confidence_top_candidate,金浦　真樹,MF,3157.0,Atsuki Tojo,Midfield,2865.13,auto_j3_outfield,78.32,1.97,47.62,90.31,90.75,8,"自動採用条件未達: score>=82.0, gap>=12.0, name>=70.0",20.41
low_confidence_top_candidate,斉藤　諒,DF,1010.0,Ryo Saito,Central Defender,619.67,auto_j3_outfield,89.53,8.46,94.74,90.34,61.35,13,"自動採用条件未達: score>=82.0, gap>=12.0, name>=70.0",18.9
low_confidence_top_candidate,江川　慶城,DF,3809.0,Genki  Egawa,Central Defender,3528.04,auto_j3_outfield,82.65,10.63,50.0,96.89,92.62,27,"自動採用条件未達: score>=82.0, gap>=12.0, name>=70.0",17.17
low_confidence_top_candidate,鍋田　純志,DF,811.0,Atsushi Nabeta,Central Defender,828.8,auto_j3_outfield,87.84,7.03,61.11,99.46,97.85,10,"自動採用条件未達: score>=82.0, gap>=12.0, name>=70.0",16.67
low_confidence_top_candidate,寺阪　尚悟,DF,974.0,Shogo Terasaka,Central Defender,988.04,auto_j3_outfield,88.59,7.7,63.16,99.58,98.58,15,"自動採用条件未達: score>=82.0, gap>=12.0, name>=70.0",16.33
low_confidence_top_candidate,吉村　弦,DF,2810.0,Yuzuru Yoshimura,Full Back,3049.04,auto_j3_outfield,88.89,15.47,68.97,98.04,92.16,16,"自動採用条件未達: score>=82.0, gap>=12.0, name>=70.0",16.22
low_confidence_top_candidate,夏川　大和,MF,735.0,Yuta Shimozawa,Midfield,1218.06,auto_j3_outfield,74.14,15.66,46.67,88.67,60.34,7,"自動採用条件未達: score>=82.0, gap>=12.0, name>=70.0",15.64
low_confidence_top_candidate,武沢　一翔,MF,905.0,Kosei Okazawa,Midfield,2071.5,auto_j3_outfield,72.53,5.08,51.61,85.92,43.69,7,"自動採用条件未達: score>=82.0, gap>=12.0, name>=70.0",15.08
low_confidence_top_candidate,長野　星輝,FW,317.0,Shoki  Nagano,Wide Attacker,293.15999999999997,auto_j3_outfield,88.96,21.49,68.97,98.12,92.48,4,"自動採用条件未達: score>=82.0, gap>=12.0, name>=70.0",13.61
low_confidence_top_candidate,宮脇　茂夫,DF,2439.0,Shigeo Miyawaki,Full Back,2901.87,auto_j3_outfield,96.33,11.24,100.0,96.01,84.05,12,"自動採用条件未達: score>=82.0, gap>=12.0, name>=70.0",12.75
low_confidence_top_candidate,東條　敦輝,MF,2862.0,Atsuki Tojo,Midfield,2865.13,auto_j3_outfield,90.66,21.61,68.97,99.96,99.89,8,"自動採用条件未達: score>=82.0, gap>=12.0, name>=70.0",12.37
low_confidence_top_candidate,ガブリエル　エンリケ,MF,526.0,Gabriel Nascimento,Midfield,456.59,auto_j3_outfield,81.51,3.61,48.48,96.7,86.8,11,"自動採用条件未達: score>=82.0, gap>=12.0, name>=70.0",11.95
low_confidence_top_candidate,水野　颯太,MF,2907.0,Hayata Mizuno,Midfield,3049.4,auto_j3_outfield,91.43,10.18,75.0,98.83,95.33,14,"自動採用条件未達: score>=82.0, gap>=12.0, name>=70.0",11.89
low_confidence_top_candidate,森川　裕基,MF,2789.0, Jimpei   Yoshida,Midfield,2865.05,auto_j3_outfield,79.6,0.69,37.04,97.61,97.35,13,"自動採用条件未達: score>=82.0, gap>=12.0, name>=70.0",11.47
low_confidence_top_candidate,芳賀　日陽,MF,1708.0,Asahi Haga,Midfield,1659.97,auto_j3_outfield,86.76,16.07,58.33,99.12,97.19,7,"自動採用条件未達: score>=82.0, gap>=12.0, name>=70.0",9.76
low_confidence_top_candidate,豊田　晃大,FW,326.0,Koki Toyoda,Midfield,251.02,auto_j3_outfield,90.8,10.43,86.96,94.25,77.0,6,"自動採用条件未達: score>=82.0, gap>=12.0, name>=70.0",9.62
low_confidence_top_candidate,ターレス,MF,797.0,Ji-hoon Lim,Midfield,787.85,auto_j3_outfield,69.73,0.84,0.0,99.7,98.85,9,"自動採用条件未達: score>=82.0, gap>=12.0, name>=70.0",0.0
low_confidence_top_candidate,小竹　知恩,FW,570.0,Ayahi Sakurai,Wide Attacker,552.87,auto_j3_outfield,81.31,14.73,40.0,99.25,96.99,4,"自動採用条件未達: score>=82.0, gap>=12.0, name>=70.0",0.0
low_confidence_top_candidate,下上　昇大,MF,350.0,Shota Shimogami,Midfield,367.47,auto_j3_outfield,87.66,8.86,62.5,98.81,95.25,8,"自動採用条件未達: score>=82.0, gap>=12.0, name>=70.0",0.0
low_confidence_top_candidate,土佐　陸翼,MF,1479.0,Riku  Tosa,Midfield,1562.4,auto_j3_outfield,89.54,9.34,69.23,98.67,94.66,8,"自動採用条件未達: score>=82.0, gap>=12.0, name>=70.0",0.0
low_confidence_top_candidate,永野　修都,DF,2330.0,Shuto Nagano,Central Defender,2462.06,auto_j3_outfield,88.12,7.32,64.52,98.66,94.64,14,"自動採用条件未達: score>=82.0, gap>=12.0, name>=70.0",0.0
low_confidence_top_candidate,新谷　聖基,FW,1700.0,Masaki  Shintani,Center Forward,1800.19,auto_j3_outfield,85.86,14.51,57.14,98.61,94.43,4,"自動採用条件未達: score>=82.0, gap>=12.0, name>=70.0",0.0
low_confidence_top_candidate,藤井　建悟,MF,1132.0,Ryohei Watanabe,Midfield,1067.98,auto_j3_outfield,75.9,1.98,24.0,98.59,94.34,9,"自動採用条件未達: score>=82.0, gap>=12.0, name>=70.0",0.0
low_confidence_top_candidate,ジョアオ,MF,680.0,Shuto Inaba,Midfield,725.18,auto_j3_outfield,76.57,1.68,26.67,98.44,93.77,6,"自動採用条件未達: score>=82.0, gap>=12.0, name>=70.0",0.0
low_confidence_top_candidate,井上　航希,DF,2132.0,Koki Inoue,Central Defender,2266.29,auto_j3_outfield,89.45,12.09,69.57,98.41,94.07,12,"自動採用条件未達: score>=82.0, gap>=12.0, name>=70.0",0.0
low_confidence_top_candidate,加藤　丈,MF,1673.0,Riku  Tosa,Midfield,1562.4,auto_j3_outfield,81.81,1.37,44.44,98.35,93.39,8,"自動採用条件未達: score>=82.0, gap>=12.0, name>=70.0",0.0
low_confidence_top_candidate,ヘナン,DF,673.0,Renan Dos Santos Paixão,Central Defender,721.65,auto_j3_outfield,77.02,3.3,28.57,98.31,93.26,9,"自動採用条件未達: score>=82.0, gap>=12.0, name>=70.0",0.0
low_confidence_top_candidate,藤井　葉大,DF,1482.0,Yota Fujii,Central Defender,1592.24,auto_j3_outfield,87.5,5.56,63.64,98.27,93.08,11,"自動採用条件未達: score>=82.0, gap>=12.0, name>=70.0",0.0
low_confidence_top_candidate,土井　紅貴,MF,1930.0,Koki Doi,Midfield,2092.19,auto_j3_outfield,76.22,4.4,26.67,98.06,92.25,4,"自動採用条件未達: score>=82.0, gap>=12.0, name>=70.0",0.0
low_confidence_top_candidate,佐々木　敦河,MF,711.0,Hibiki Okazawa,Midfield,771.24,auto_j3_outfield,80.93,2.13,42.42,98.05,92.19,7,"自動採用条件未達: score>=82.0, gap>=12.0, name>=70.0",0.0
low_confidence_top_candidate,河野　諒祐,DF,1906.0,Ryosuke Kawano,Full Back,2068.2,auto_j3_outfield,91.77,10.36,78.57,98.04,92.16,13,"自動採用条件未達: score>=82.0, gap>=12.0, name>=70.0",0.0
low_confidence_top_candidate,瀬畠　義成,MF,1928.0,Gijo Sehata,Midfield,2092.71,auto_j3_outfield,84.19,10.72,53.33,98.03,92.13,8,"自動採用条件未達: score>=82.0, gap>=12.0, name>=70.0",0.0
low_confidence_top_candidate,井林　章,DF,1368.0,Akira Ibayashi,Central Defender,1485.58,auto_j3_outfield,88.18,7.6,66.67,98.02,92.09,11,"自動採用条件未達: score>=82.0, gap>=12.0, name>=70.0",0.0
low_confidence_top_candidate,エンリック　マルティネス,MF,686.0,Enric Martínez Ros,Midfield,746.77,auto_j3_outfield,88.13,11.11,66.67,97.97,91.86,9,"自動採用条件未達: score>=82.0, gap>=12.0, name>=70.0",0.0
low_confidence_top_candidate,福田　望久斗,FW,1442.0,Mikuto Fukuda,Wide Attacker,1570.22,auto_j3_outfield,90.88,9.33,75.86,97.96,91.83,7,"自動採用条件未達: score>=82.0, gap>=12.0, name>=70.0",0.0
low_confidence_top_candidate,関野　元弥,MF,1748.0,Genya Sekino,Midfield,1903.64,auto_j3_outfield,88.89,4.2,69.23,97.96,91.82,8,"自動採用条件未達: score>=82.0, gap>=12.0, name>=70.0",0.0
low_confidence_top_candidate,バスケス　バイロン,MF,1092.0,Shun Utsugi,Midfield,1188.86,auto_j3_outfield,80.13,8.4,40.0,97.96,91.85,8,"自動採用条件未達: score>=82.0, gap>=12.0, name>=70.0",0.0
low_confidence_top_candidate,佐藤　喜生,DF,3152.0,Yoshiki Sato,Central Defender,3444.48,auto_j3_outfield,85.55,3.43,58.33,97.88,91.51,10,"自動採用条件未達: score>=82.0, gap>=12.0, name>=70.0",0.0
low_confidence_top_candidate,風間　宏希,MF,699.0,Koki Kazama,Midfield,763.73,auto_j3_outfield,84.05,18.09,53.33,97.88,91.52,8,"自動採用条件未達: score>=82.0, gap>=12.0, name>=70.0",0.0
low_confidence_top_candidate,川名　連介,FW,2311.0,Katsuya Nakano,Wide Attacker,2350.84,auto_j3_outfield,81.14,6.51,41.38,97.88,98.31,4,"自動採用条件未達: score>=82.0, gap>=12.0, name>=70.0",0.0
low_confidence_top_candidate,當麻　颯,DF,1992.0,Hayate Toma,Central Defender,2177.2,auto_j3_outfield,88.04,13.35,66.67,97.87,91.49,8,"自動採用条件未達: score>=82.0, gap>=12.0, name>=70.0",0.0
low_confidence_top_candidate,渡邉　綾平,MF,976.0,Ryohei Watanabe,Midfield,1067.98,auto_j3_outfield,88.02,8.45,66.67,97.85,91.39,9,"自動採用条件未達: score>=82.0, gap>=12.0, name>=70.0",0.0
low_confidence_top_candidate,前田　陸王,MF,420.0,Aozora Ishiyama,Midfield,390.87,auto_j3_outfield,77.42,3.39,30.77,97.85,93.06,8,"自動採用条件未達: score>=82.0, gap>=12.0, name>=70.0",0.0
low_confidence_top_candidate,岩﨑　博,DF,2662.0,Hiroshi  Iwasaki,Central Defender,2914.71,auto_j3_outfield,92.01,7.99,80.0,97.83,91.33,12,"自動採用条件未達: score>=82.0, gap>=12.0, name>=70.0",0.0
low_confidence_top_candidate,大畑　隆也,DF,2864.0,Ryuya Ohata,Central Defender,3137.07,auto_j3_outfield,88.87,3.87,69.57,97.82,91.3,11,"自動採用条件未達: score>=82.0, gap>=12.0, name>=70.0",0.0
low_confidence_top_candidate,グスタボ　リッシ,DF,1488.0,Gustavo Martini Rissi,Central Defender,1631.3,auto_j3_outfield,86.84,20.29,62.86,97.8,91.22,12,"自動採用条件未達: score>=82.0, gap>=12.0, name>=70.0",0.0
low_confidence_top_candidate,鈴木　俊也,DF,2697.0,Shunya Suzuki,Central Defender,2961.45,auto_j3_outfield,92.39,10.97,81.48,97.77,91.07,24,"自動採用条件未達: score>=82.0, gap>=12.0, name>=70.0",0.0
low_confidence_top_candidate,マテイ　ヨニッチ,DF,2919.0,Matej Jonjić,Central Defender,3204.69,auto_j3_outfield,84.75,3.86,56.0,97.77,91.09,10,"自動採用条件未達: score>=82.0, gap>=12.0, name>=70.0",0.0
low_confidence_top_candidate,三鬼　海,DF,1153.0,Kai Miki,Full Back,1265.95,auto_j3_outfield,82.06,7.81,47.06,97.75,91.08,19,"自動採用条件未達: score>=82.0, gap>=12.0, name>=70.0",0.0
low_confidence_top_candidate,松村　厳,MF,1158.0,Hisashi  Ohashi,Midfield,1274.82,auto_j3_outfield,74.56,5.63,22.22,97.71,90.84,6,"自動採用条件未達: score>=82.0, gap>=12.0, name>=70.0",0.0
low_confidence_top_candidate,五十嵐　太陽,MF,2598.0,Taichi Aoshima,Midfield,2359.08,auto_j3_outfield,84.44,8.51,55.17,97.7,90.8,6,"自動採用条件未達: score>=82.0, gap>=12.0, name>=70.0",0.0
low_confidence_top_candidate,鈴木　裕斗,DF,2636.0,Hiroto  Suzuki,Full Back,2910.5,auto_j3_outfield,90.33,4.72,75.0,97.64,90.57,10,"自動採用条件未達: score>=82.0, gap>=12.0, name>=70.0",0.0
low_confidence_top_candidate,イム　ジフン,MF,712.0,Ji-hoon Lim,Midfield,787.85,auto_j3_outfield,84.45,17.91,55.56,97.59,90.37,5,"自動採用条件未達: score>=82.0, gap>=12.0, name>=70.0",0.0
low_confidence_top_candidate,平松　航,DF,2565.0,Wataru Hiramatsu,Central Defender,2842.66,auto_j3_outfield,89.18,8.61,71.43,97.56,90.23,12,"自動採用条件未達: score>=82.0, gap>=12.0, name>=70.0",0.0
low_confidence_top_candidate,行德　瑛,DF,1128.0,Ei Gyotoku,Central Defender,1250.58,auto_j3_outfield,84.89,14.39,57.14,97.55,90.2,13,"自動採用条件未達: score>=82.0, gap>=12.0, name>=70.0",0.0
low_confidence_top_candidate,千布　一輝,MF,2982.0,Takumi Yamaguchi,Midfield,3316.04,auto_j3_outfield,81.53,7.5,46.15,97.48,89.93,6,"自動採用条件未達: score>=82.0, gap>=12.0, name>=70.0",0.0
low_confidence_top_candidate,岡澤　韻生,MF,687.0,Hibiki Okazawa,Midfield,771.24,auto_j3_outfield,86.11,12.47,62.07,97.27,89.08,7,"自動採用条件未達: score>=82.0, gap>=12.0, name>=70.0",0.0
low_confidence_top_candidate,吉野　陽翔,MF,1658.0,Haruto Yoshino,Midfield,1865.43,auto_j3_outfield,85.44,10.28,60.0,97.22,88.88,6,"自動採用条件未達: score>=82.0, gap>=12.0, name>=70.0",0.0
low_confidence_top_candidate,柳　世根,DF,548.0,Ryo Saito,Central Defender,619.67,auto_j3_outfield,82.34,5.92,50.0,97.11,88.43,13,"自動採用条件未達: score>=82.0, gap>=12.0, name>=70.0",0.0
low_confidence_top_candidate,神谷　凱士,DF,711.0,Kaito Kamiya,Central Defender,804.31,auto_j3_outfield,85.33,7.09,60.0,97.1,88.4,10,"自動採用条件未達: score>=82.0, gap>=12.0, name>=70.0",0.0
low_confidence_top_candidate,ルーカス　セナ,DF,611.0,Lucas Breno Sena Lima,Full Back,691.53,auto_j3_outfield,80.87,14.55,45.16,97.09,88.35,9,"自動採用条件未達: score>=82.0, gap>=12.0, name>=70.0",0.0
low_confidence_top_candidate,森　俊貴,MF,1441.0,Toshiki Mori,Midfield,1636.82,auto_j3_outfield,85.87,2.75,62.07,97.01,88.04,8,"自動採用条件未達: score>=82.0, gap>=12.0, name>=70.0",0.0
low_confidence_top_candidate,今井　那生,DF,961.0,Naiki Imai,Central Defender,1092.2,auto_j3_outfield,86.33,6.16,63.64,97.0,87.99,12,"自動採用条件未達: score>=82.0, gap>=12.0, name>=70.0",0.0
low_confidence_top_candidate,茂木　駿佑,MF,1764.0,Sho Iwamoto,Midfield,1821.21,auto_j3_outfield,82.53,8.66,48.0,97.0,96.86,5,"自動採用条件未達: score>=82.0, gap>=12.0, name>=70.0",0.0
low_confidence_top_candidate,岡崎　慎,DF,1672.0,Makoto Okazaki,Central Defender,1896.53,auto_j3_outfield,85.66,12.57,61.54,96.89,88.16,18,"自動採用条件未達: score>=82.0, gap>=12.0, name>=70.0",0.0
low_confidence_top_candidate,ドゥドゥ,FW,752.0,Luiz Eduardo dos Santos Gonzaga,Center Forward,859.0,auto_j3_outfield,73.62,10.06,21.62,96.89,87.54,8,"自動採用条件未達: score>=82.0, gap>=12.0, name>=70.0",0.0
low_confidence_top_candidate,ピトリック,DF,2041.0,Kevin Pytlik,Central Defender,2342.49,auto_j3_outfield,81.33,2.78,47.62,96.78,87.13,13,"自動採用条件未達: score>=82.0, gap>=12.0, name>=70.0",0.0
low_confidence_top_candidate,加納　大,FW,424.0,Haru Kano Haru Kano,Center Forward,495.19,auto_j3_outfield,81.69,4.54,50.0,96.41,85.62,12,"自動採用条件未達: score>=82.0, gap>=12.0, name>=70.0",0.0
low_confidence_top_candidate,篠﨑　輝和,DF,2732.0,Terukazu Shinozaki,Central Defender,3192.56,auto_j3_outfield,90.37,9.72,78.95,96.39,85.57,12,"自動採用条件未達: score>=82.0, gap>=12.0, name>=70.0",0.0
low_confidence_top_candidate,泉澤　仁,MF,2305.0,Tatsuya Hakozaki,Midfield,1974.67,auto_j3_outfield,77.57,8.54,36.36,96.34,85.67,13,"自動採用条件未達: score>=82.0, gap>=12.0, name>=70.0",0.0
low_confidence_top_candidate,近藤　慶一,FW,1013.0,Yoshihito  Kondo,Center Forward,1206.51,auto_j3_outfield,83.45,8.46,57.14,95.99,83.96,7,"自動採用条件未達: score>=82.0, gap>=12.0, name>=70.0",0.0
low_confidence_top_candidate,向井　ひな太,MF,970.0,Kakeru Watai,Midfield,788.11,auto_j3_outfield,80.09,3.63,48.0,95.31,81.25,11,"自動採用条件未達: score>=82.0, gap>=12.0, name>=70.0",0.0
low_confidence_top_candidate,一丸　大地,DF,1098.0,Daichi Ichimaru Daichi Ichimaru,Full Back,1365.53,auto_j3_outfield,81.49,7.39,53.33,95.1,80.41,9,"自動採用条件未達: score>=82.0, gap>=12.0, name>=70.0",0.0
low_confidence_top_candidate,高橋　勇利也,MF,2617.0,Gijo Sehata,Midfield,2092.71,auto_j3_outfield,76.11,3.89,35.71,94.99,79.97,8,"自動採用条件未達: score>=82.0, gap>=12.0, name>=70.0",0.0
low_confidence_top_candidate,稲葉　修土,MF,577.0,Shuto Inaba,Midfield,725.18,auto_j3_outfield,79.78,5.4,48.28,94.89,79.57,6,"自動採用条件未達: score>=82.0, gap>=12.0, name>=70.0",0.0
low_confidence_top_candidate,上月　翔聖,MF,3418.0,Hayata Mizuno,Midfield,3049.4,auto_j3_outfield,75.81,1.85,32.26,94.64,89.22,7,"自動採用条件未達: score>=82.0, gap>=12.0, name>=70.0",0.0
low_confidence_top_candidate,杉本　蓮,MF,1368.0,Takato  Takeuchi,Midfield,1766.08,auto_j3_outfield,73.39,0.71,28.57,94.36,77.46,6,"自動採用条件未達: score>=82.0, gap>=12.0, name>=70.0",0.0
low_confidence_top_candidate,中山　陸,MF,1141.0,Rui Osako,Midfield,878.53,auto_j3_outfield,78.35,5.78,45.45,94.25,77.0,6,"自動採用条件未達: score>=82.0, gap>=12.0, name>=70.0",0.0
low_confidence_top_candidate,河村　匠,MF,2413.0,Atsuki Tojo,Midfield,2865.13,auto_j3_outfield,74.62,13.29,30.77,94.17,84.22,4,"自動採用条件未達: score>=82.0, gap>=12.0, name>=70.0",0.0
low_confidence_top_candidate,高野　裕維,MF,2421.0,Rinta  Miyoshi,Midfield,1839.95,auto_j3_outfield,83.1,4.93,62.07,94.0,76.0,7,"自動採用条件未達: score>=82.0, gap>=12.0, name>=70.0",0.0
low_confidence_top_candidate,中村　翼,MF,708.0,Kota Yui,Midfield,523.22,auto_j3_outfield,74.0,9.83,33.33,93.48,73.9,7,"自動採用条件未達: score>=82.0, gap>=12.0, name>=70.0",0.0
low_confidence_top_candidate,樋口　叶,MF,505.0, Keisuke Yoshida,Midfield,362.76,auto_j3_outfield,74.24,2.06,35.71,92.96,71.83,5,"自動採用条件未達: score>=82.0, gap>=12.0, name>=70.0",0.0
low_confidence_top_candidate,川谷　凪,MF,1364.0,Rin Morita,Midfield,1616.72,auto_j3_outfield,75.09,13.09,34.78,92.73,84.37,5,"自動採用条件未達: score>=82.0, gap>=12.0, name>=70.0",0.0
low_confidence_top_candidate,小西　宏登,FW,1386.0,Taiyo Shimokawa,Full Back,1709.15,auto_j3_outfield,76.95,1.5,42.42,92.53,81.09,4,"自動採用条件未達: score>=82.0, gap>=12.0, name>=70.0",0.0
low_confidence_top_candidate,山中　惇希,MF,1189.0,Ren Fujimura,Midfield,1731.99,auto_j3_outfield,71.68,0.68,29.63,92.16,68.65,8,"自動採用条件未達: score>=82.0, gap>=12.0, name>=70.0",0.0
low_confidence_top_candidate,鈴木　隆雅,DF,373.0,Carlos Eduardo da Silva Rodrigues Lima,Central Defender,253.23,auto_j3_outfield,70.54,3.45,26.42,91.97,67.89,10,"自動採用条件未達: score>=82.0, gap>=12.0, name>=70.0",0.0
low_confidence_top_candidate,堤　奏一郎,MF,2042.0,Asahi Haga,Midfield,1659.97,auto_j3_outfield,72.12,1.42,27.59,91.76,81.29,7,"自動採用条件未達: score>=82.0, gap>=12.0, name>=70.0",0.0
low_confidence_top_candidate,櫻井　文陽,MF,510.0,Koki Kazama,Midfield,763.73,auto_j3_outfield,71.59,4.48,30.77,91.69,66.78,8,"自動採用条件未達: score>=82.0, gap>=12.0, name>=70.0",0.0
low_confidence_top_candidate,パトリック,FW,1645.0,Taiki Kato,Wide Attacker,2107.41,auto_j3_outfield,78.95,2.78,52.63,91.08,78.06,6,"自動採用条件未達: score>=82.0, gap>=12.0, name>=70.0",0.0
low_confidence_top_candidate,玉城　大志,MF,544.0,Koki Kazama,Midfield,763.73,auto_j3_outfield,77.47,17.9,50.0,91.06,71.23,14,"自動採用条件未達: score>=82.0, gap>=12.0, name>=70.0",0.0
low_confidence_top_candidate,中野　克哉,MF,2597.0,Taichi Aoshima,Midfield,2359.08,auto_j3_outfield,75.04,4.37,35.71,90.85,90.84,12,"自動採用条件未達: score>=82.0, gap>=12.0, name>=70.0",0.0
low_confidence_top_candidate,櫻井　風我,DF,800.0,Fuga  Sakurai,Full Back,669.41,auto_j3_outfield,82.21,6.67,62.07,90.81,83.68,22,"自動採用条件未達: score>=82.0, gap>=12.0, name>=70.0",0.0
low_confidence_top_candidate,佐藤　諒,MF,1356.0,Asahi Haga,Midfield,1659.97,auto_j3_outfield,72.75,1.54,31.58,90.6,81.69,5,"自動採用条件未達: score>=82.0, gap>=12.0, name>=70.0",0.0
low_confidence_top_candidate,奈良坂　巧,DF,814.0,Takumi Narasaka,Central Defender,507.34,auto_j3_outfield,84.41,11.84,76.92,90.58,62.33,11,"自動採用条件未達: score>=82.0, gap>=12.0, name>=70.0",0.0
low_confidence_top_candidate,吉尾　虹樹,MF,2007.0,Takumi Yamaguchi,Midfield,3316.04,auto_j3_outfield,72.92,1.76,40.0,90.13,60.52,6,"自動採用条件未達: score>=82.0, gap>=12.0, name>=70.0",0.0
low_confidence_top_candidate,下川　太陽,MF,1793.0,Gijo Sehata,Midfield,2092.71,auto_j3_outfield,78.74,4.47,51.85,89.65,85.68,13,"自動採用条件未達: score>=82.0, gap>=12.0, name>=70.0",0.0
low_confidence_top_candidate,中村　充孝,MF,554.0,Koki Matsubara,Midfield,995.07,auto_j3_outfield,74.81,1.56,50.0,88.92,55.67,8,"自動採用条件未達: score>=82.0, gap>=12.0, name>=70.0",0.0
low_confidence_top_candidate,永井　颯太,MF,1875.0,Taiga Ishiura,Midfield,1038.31,auto_j3_outfield,75.39,1.49,52.17,88.84,55.38,5,"自動採用条件未達: score>=82.0, gap>=12.0, name>=70.0",0.0
low_confidence_top_candidate,圓道　将良,MF,1363.0,Shuto Inaba,Midfield,725.18,auto_j3_outfield,69.58,0.77,34.48,88.3,53.2,6,"自動採用条件未達: score>=82.0, gap>=12.0, name>=70.0",0.0
low_confidence_top_candidate,田中　稔也,MF,1300.0,Eisuke Watanabe,Midfield,2571.59,auto_j3_outfield,74.11,2.07,51.61,87.64,50.55,6,"自動採用条件未達: score>=82.0, gap>=12.0, name>=70.0",0.0
low_confidence_top_candidate,芦部　晃生,MF,982.0,Kaisei  Kano,Midfield,1965.48,auto_j3_outfield,70.99,0.31,41.67,87.49,49.96,7,"自動採用条件未達: score>=82.0, gap>=12.0, name>=70.0",0.0
low_confidence_top_candidate,津覇　実樹,MF,504.0,Taiga Ishiura,Midfield,1038.31,auto_j3_outfield,70.66,7.54,41.67,87.14,48.54,5,"自動採用条件未達: score>=82.0, gap>=12.0, name>=70.0",0.0
low_confidence_top_candidate,藤川　虎太朗,MF,1919.0,Ji-hoon Lim,Midfield,787.85,auto_j3_outfield,68.06,0.9,38.71,85.26,41.06,5,"自動採用条件未達: score>=82.0, gap>=12.0, name>=70.0",0.0
low_confidence_top_candidate,橋内　優也,DF,453.0,Yuya Hashiuchi,Central Defender,155.82,auto_j3_outfield,78.48,1.27,78.57,83.6,34.4,10,"自動採用条件未達: score>=82.0, gap>=12.0, name>=70.0",0.0
low_confidence_top_candidate,河上　将平,MF,1661.0,Kazuki Iwamoto,Midfield,3175.96,auto_j3_outfield,68.59,0.99,40.0,83.38,52.3,7,"自動採用条件未達: score>=82.0, gap>=12.0, name>=70.0",0.0
low_confidence_top_candidate,藤森　亮志,MF,1252.0,Ji-hoon Lim,Midfield,787.85,auto_j3_outfield,65.7,2.04,27.78,82.83,62.93,9,"自動採用条件未達: score>=82.0, gap>=12.0, name>=70.0",0.0
low_confidence_top_candidate,髙橋　大悟,MF,1396.0,Kohei Kiyama,Midfield,1121.45,auto_j3_outfield,65.72,6.25,23.53,81.97,80.33,6,"自動採用条件未達: score>=82.0, gap>=12.0, name>=70.0",0.0
low_confidence_top_candidate,吉長　真優,MF,652.0,Yamato Machida,Midfield,181.9,auto_j3_outfield,67.34,0.99,46.67,81.83,27.9,11,"自動採用条件未達: score>=82.0, gap>=12.0, name>=70.0",0.0
low_confidence_top_candidate,永長　鷹虎,MF,511.0,Taiga Ishiura,Midfield,1038.31,auto_j3_outfield,68.14,4.94,42.86,81.47,49.21,11,"自動採用条件未達: score>=82.0, gap>=12.0, name>=70.0",0.0
low_confidence_top_candidate,川上　竜,MF,5102.0,Ryota Sawazaki,Midfield,3328.06,auto_j3_outfield,75.27,14.75,61.54,81.33,65.23,11,"自動採用条件未達: score>=82.0, gap>=12.0, name>=70.0",0.0
low_confidence_top_candidate,星　広太,MF,1467.0,Kohei Kiyama,Midfield,1121.45,auto_j3_outfield,70.27,8.88,41.67,81.0,76.45,6,"自動採用条件未達: score>=82.0, gap>=12.0, name>=70.0",0.0
low_confidence_top_candidate,牧山　晃政,MF,1679.0,Kazuki Iwamoto,Midfield,3175.96,auto_j3_outfield,68.13,4.46,45.0,79.51,52.87,13,"自動採用条件未達: score>=82.0, gap>=12.0, name>=70.0",0.0
low_confidence_top_candidate,中村　仁郎,MF,1440.0,Tatsuya Hakozaki,Midfield,1974.67,auto_j3_outfield,66.6,2.09,33.33,79.44,72.92,12,"自動採用条件未達: score>=82.0, gap>=12.0, name>=70.0",0.0
low_confidence_top_candidate,野瀬　龍世,MF,570.0,Asahi Haga,Midfield,1659.97,auto_j3_outfield,60.96,1.24,28.57,78.76,34.34,5,"自動採用条件未達: score>=82.0, gap>=12.0, name>=70.0",0.0
low_confidence_top_candidate,五月田　星矢,MF,336.0,Kenta Okuma,Midfield,376.26,auto_j3_outfield,67.62,3.72,34.48,77.59,89.3,8,"自動採用条件未達: score>=82.0, gap>=12.0, name>=70.0",0.0
low_confidence_top_candidate,堀越　大蔵,MF,429.0,Asahi Haga,Midfield,1659.97,auto_j3_outfield,62.44,2.95,40.0,76.64,25.84,5,"自動採用条件未達: score>=82.0, gap>=12.0, name>=70.0",0.0
low_confidence_top_candidate,四宮　悠成,MF,1274.0,Shunya Mouri,Midfield,1020.8,auto_j3_outfield,71.86,2.28,57.14,74.43,80.13,5,"自動採用条件未達: score>=82.0, gap>=12.0, name>=70.0",0.0
