対象年度,対象リーグ,FB_Name,SC_Name,FB_Pos,SC_Position_Group,FB_Minutes,SC_Minutes,analysis_position_code,analysis_position_jp,analysis_position_source,SC_Primary_Position,SC_Primary_Position_Group,player_name_normalized,dominant_team_name,team_season_signature,fb_dominant_team_name,fb_team_season_signature,join_method,join_method_detail,join_status,Notes
2024-2025,J3,温井　駿斗,Hayato Nukui,DF,Central Defender,6466.0,5705.17,CB,センターバック,Left Center Back (Position Group: Central Defender),Left Center Back,Central Defender,Hayato Nukui,鳥取,2025|鳥取|3333.08; 2024|鳥取|2372.09,鳥取,2024|鳥取|3325.00; 2025|鳥取|0.00,exact,composite_exact,matched,"score>=82.0, gap>=12.0, name>=70.0"
2024-2025,J3,黒木　謙吾,Kengo  Kuroki,DF,Central Defender,6434.0,6069.53,CB,センターバック,Right Center Back (Position Group: Central Defender),Right Center Back,Central Defender,Kengo Kuroki,宮崎,2025|宮崎|3791.72; 2024|宮崎|2277.81,宮崎,2024|宮崎|3154.00; 2025|宮崎|0.00,normalized,composite_normalized,matched,"score>=82.0, gap>=12.0, name>=70.0"
2024-2025,J3,蓑田　広大,Kodai  Minoda,DF,Central Defender,6420.0,5642.4800000000005,CB,センターバック,Center Back (Position Group: Central Defender),Center Back,Central Defender,Kodai Minoda,八戸,2025|八戸|3638.73; 2024|八戸|2003.75,八戸,2024|八戸|3091.00; 2025|八戸|0.00,normalized,composite_normalized,matched,"score>=82.0, gap>=12.0, name>=70.0"
2024-2025,J3,鈴木　順也,Junya Suzuki,DF,Central Defender,6375.0,5649.47,CB,センターバック,Center Back (Position Group: Central Defender),Center Back,Central Defender,Junya Suzuki,琉球,2025|琉球|3262.71; 2024|琉球|2386.76,琉球,2024|琉球|3405.00; 2025|琉球|0.00,exact,composite_exact,matched,"score>=82.0, gap>=12.0, name>=70.0"
2024-2025,J3,辻岡　佑真,Yuma  Tsujioka,DF,Central Defender,6203.0,5597.88,CB,センターバック,Left Center Back (Position Group: Central Defender),Left Center Back,Central Defender,Yuma Tsujioka,北九州,2025|北九州|3396.75; 2024|宮崎|2201.13,宮崎,2024|宮崎|3039.00; 2025|北九州|0.00,normalized,composite_normalized,matched,"score>=82.0, gap>=12.0, name>=70.0"
2024-2025,J3,鈴木　大誠,Daisei Suzuki,DF,Central Defender,5943.0,5455.63,CB,センターバック,Right Center Back (Position Group: Central Defender),Right Center Back,Central Defender,Daisei Suzuki,奈良,2025|奈良|2977.68; 2024|奈良|2477.95,奈良,2024|奈良|3165.00; 2025|奈良|0.00,exact,composite_exact,matched,"score>=82.0, gap>=12.0, name>=70.0"
2024-2025,J3,附木　雄也,Yuya Tsukegi,DF,Central Defender,5940.0,5827.81,CB,センターバック,Left Center Back (Position Group: Central Defender),Left Center Back,Central Defender,Yuya Tsukegi,讃岐,2025|讃岐|3749.06; 2024|沼津|2078.75,沼津,2024|沼津|2520.00; 2025|讃岐|0.00,exact,composite_exact,matched,"score>=82.0, gap>=12.0, name>=70.0"
2024-2025,J3,加藤　大育,Daisuke Kato,DF,Central Defender,5884.0,5469.4800000000005,CB,センターバック,Right Center Back (Position Group: Central Defender),Right Center Back,Central Defender,Daisuke Kato,相模原,2025|相模原|3609.39; 2024|相模原|1860.09,相模原,2024|相模原|2693.00; 2025|相模原|0.00,exact,composite_exact,matched,"score>=82.0, gap>=12.0, name>=70.0"
2024-2025,J3,杉山　耕二,Koji  Sugiyama,DF,Central Defender,5569.0,5389.61,CB,センターバック,Right Center Back (Position Group: Central Defender),Right Center Back,Central Defender,Koji Sugiyama,北九州,2025|北九州|2802.90; 2024|北九州|2586.71,北九州,2024|北九州|3047.00; 2025|北九州|0.00,normalized,composite_normalized,matched,"score>=82.0, gap>=12.0, name>=70.0"
2024-2025,J3,秋山　拓也,Takuya Akiyama,DF,Central Defender,5140.0,5377.29,CB,センターバック,Left Center Back (Position Group: Central Defender),Left Center Back,Central Defender,Takuya Akiyama,FC大阪,2025|FC大阪|3210.34; 2024|FC大阪|2166.95,FC大阪,2024|FC大阪|2321.00; 2025|FC大阪|0.00,exact,composite_exact,matched,"score>=82.0, gap>=12.0, name>=70.0"
2024-2025,J3,川上　竜,Ryu Kawakami,MF,Central Defender,5102.0,5067.5700000000015,CB,センターバック,Right Center Back (Position Group: Central Defender),Right Center Back,Central Defender,Ryu Kawakami,FC大阪,2025|FC大阪|3799.13; 2024|岐阜|1268.44,岐阜,2024|岐阜|1756.00; 2025|FC大阪|0.00,exact,composite_exact,matched,j3_2024_2025_mapping_issue_name_matches 手動確定 (2026-04-09); confidence=medium; issues元候補: Taisuke Mizuno
2024-2025,J3,甲斐　健太郎,Kentaro Kai,DF,Central Defender,4893.0,4306.71,CB,センターバック,Right Center Back (Position Group: Central Defender),Right Center Back,Central Defender,Kentaro Kai,岐阜,2025|岐阜|2394.33; 2024|岐阜|1912.38,岐阜,2024|岐阜|2731.00; 2025|岐阜|0.00,exact,composite_exact,matched,"score>=82.0, gap>=12.0, name>=70.0"
2024-2025,J3,山田　将之,Masayuki Yamada,DF,Central Defender,4854.0,4528.31,CB,センターバック,Left Center Back (Position Group: Central Defender),Left Center Back,Central Defender,Masayuki Yamada,福島,2025|福島|2429.93; 2024|福島|2098.38,福島,2024|福島|2657.00; 2025|福島|0.00,exact,composite_exact,matched,"score>=82.0, gap>=12.0, name>=70.0"
2024-2025,J3,白井　達也,Tatsuya Shirai,DF,Central Defender,4789.0,4370.12,CB,センターバック,Right Center Back (Position Group: Central Defender),Right Center Back,Central Defender,Tatsuya Shirai,八戸,2025|八戸|3740.57; 2024|今治|629.55,今治,2024|今治|1369.00; 2025|八戸|0.00,exact,composite_exact,matched,"score>=82.0, gap>=12.0, name>=70.0"
2024-2025,J3,山本　義道,Norimichi Yamamoto,DF,Central Defender,4483.0,4476.59,CB,センターバック,Center Back (Position Group: Central Defender),Center Back,Central Defender,Norimichi Yamamoto,金沢,2025|金沢|2343.93; 2024|金沢|2132.66,金沢,2024|金沢|2438.00; 2025|金沢|0.00,exact,composite_exact,matched,"score>=82.0, gap>=12.0, name>=70.0"
2024-2025,J3,大野　佑哉,Yuya  Ono,DF,Central Defender,4474.0,4096.19,CB,センターバック,Center Back (Position Group: Central Defender),Center Back,Central Defender,Yuya Ono,長野,2025|長野|2408.40; 2024|長野|1687.79,長野,2024|長野|2277.00; 2025|長野|0.00,normalized,composite_normalized,matched,"score>=82.0, gap>=12.0, name>=70.0"
2024-2025,J3,野々村　鷹人,Takato Nonomura,DF,Central Defender,4377.0,4363.92,CB,センターバック,RCB (Position Group: Central Defender),RCB,Central Defender,Takato Nonomura,松本,2025|松本|2420.41; 2024|松本|1943.51,松本,2024|松本|2198.00; 2025|松本|0.00,exact,composite_exact,matched,"score>=82.0, gap>=12.0, name>=70.0"
2024-2025,J3,野澤　陸,Riku Nozawa,DF,Central Defender,4303.0,4320.11,CB,センターバック,Left Center Back (Position Group: Central Defender),Left Center Back,Central Defender,Riku Nozawa,岐阜,2025|岐阜|3337.96; 2024|岐阜|982.15,岐阜,2024|岐阜|1291.00; 2025|岐阜|0.00,exact,composite_exact,matched,"score>=82.0, gap>=12.0, name>=70.0"
2024-2025,J3,大嶋　春樹,Haruki Oshima,DF,Central Defender,4220.0,3976.43,CB,センターバック,CB (Position Group: Central Defender),CB,Central Defender,Haruki Oshima,鳥取,2025|鳥取|2159.87; 2024|YS横浜|1816.56,YS横浜,2024|YS横浜|2161.00; 2025|鳥取|0.00,exact,composite_exact,matched,"score>=82.0, gap>=12.0, name>=70.0"
2024-2025,J3,大森　博,Hiroshi  Omori,DF,Central Defender,4164.0,4432.7,CB,センターバック,Right Center Back (Position Group: Central Defender),Right Center Back,Central Defender,Hiroshi Omori,栃木SC,2025|栃木SC|3226.90; 2024|福島|1205.80,福島,2024|福島|1251.00; 2025|栃木SC|0.00,normalized,composite_normalized,matched,"score>=82.0, gap>=12.0, name>=70.0"
2024-2025,J3,深川　大輔,Daisuke  Fukagawa,DF,Central Defender,4046.0,4020.94,CB,センターバック,Center Back (Position Group: Central Defender),Center Back,Central Defender,Daisuke Fukagawa,高知,2025|高知|2054.39; 2024|岩手|1966.55,岩手,2024|岩手|2179.00; 2025|高知|0.00,normalized,composite_normalized,matched,"score>=82.0, gap>=12.0, name>=70.0"
2024-2025,J3,澤田　雄大,Yudai Sawada,DF,Central Defender,4019.0,3351.73,CB,センターバック,Left Center Back (Position Group: Central Defender),Left Center Back,Central Defender,Yudai Sawada,奈良,2025|奈良|2471.10; 2024|奈良|880.63,奈良,2024|奈良|1694.00; 2025|奈良|0.00,exact,composite_exact,matched,"score>=82.0, gap>=12.0, name>=70.0"
2024-2025,J3,畑尾　大翔,Hiroto Hatao,DF,Central Defender,3995.0,3595.56,CB,センターバック,Center Back (Position Group: Central Defender),Center Back,Central Defender,Hiroto Hatao,金沢,2025|金沢|1910.77; 2024|金沢|1684.79,金沢,2024|金沢|2278.00; 2025|金沢|0.00,exact,composite_exact,matched,"score>=82.0, gap>=12.0, name>=70.0"
2024-2025,J3,常田　克人,Masato Tokida,DF,Central Defender,3839.0,3448.81,CB,センターバック,LCB (Position Group: Central Defender),LCB,Central Defender,Masato Tokida,相模原,2025|相模原|1725.54; 2024|松本|1723.27,松本,2024|松本|2264.00; 2025|相模原|0.00,exact,composite_exact,matched,j3_2024_2025_mapping_issues 手動確定 (2026-04-08)
2024-2025,J3,二階堂　正哉,Seiya Nikaido,DF,Central Defender,3819.0,3772.83,CB,センターバック,Center Back (Position Group: Central Defender),Center Back,Central Defender,Seiya Nikaido,鳥取,2025|鳥取|2151.41; 2024|鳥取|1621.42,鳥取,2024|鳥取|1842.00; 2025|鳥取|0.00,exact,composite_exact,matched,"自動採用条件未達: score>=82.0, gap>=12.0, name>=70.0"
2024-2025,J3,江川　慶城,Genki Egawa,DF,Central Defender,3809.0,3528.04,CB,センターバック,Left Center Back (Position Group: Central Defender),Left Center Back,Central Defender,Genki Egawa,宮崎,2025|宮崎|2302.52; 2024|宮崎|1127.12; 2024|FC大阪|98.40,宮崎,2024|宮崎|1209.00; 2024|FC大阪|511.00; 2025|宮崎|0.00,exact,composite_exact,matched,j3_2024_2025_mapping_issues 手動確定 (2026-04-08) / SC元データ名: Genki  Egawa
2024-2025,J3,冨田　康平,Kohei Tomita,DF,Central Defender,3663.0,3409.32,CB,センターバック,Left Center Back (Position Group: Central Defender),Left Center Back,Central Defender,Kohei Tomita,長野,2025|長野|3402.67; 2024|長野|6.65,長野,2024|長野|542.00; 2025|長野|0.00,exact,composite_exact,matched,"score>=82.0, gap>=12.0, name>=70.0"
2024-2025,J3,雪江　悠人,Hiroto Yukie,DF,Central Defender,3623.0,3776.0,CB,センターバック,Left Center Back (Position Group: Central Defender),Left Center Back,Central Defender,Hiroto Yukie,八戸,2025|八戸|3355.36; 2024|八戸|420.64,八戸,2024|八戸|538.00; 2025|八戸|0.00,exact,composite_exact,matched,"自動採用条件未達: score>=82.0, gap>=12.0, name>=70.0"
2024-2025,J3,奥田　雄大,Yudai Okuda,DF,Central Defender,3552.0,3456.26,CB,センターバック,Left Center Back (Position Group: Central Defender),Left Center Back,Central Defender,Yudai Okuda,讃岐,2024|讃岐|1754.10; 2025|奈良|1702.16,讃岐,2024|讃岐|2016.00; 2025|奈良|0.00,exact,composite_exact,matched,"score>=82.0, gap>=12.0, name>=70.0"
2024-2025,J3,中村　勇太,Yuta Nakamura,DF,Central Defender,3465.0,3191.84,CB,センターバック,RCB (Position Group: Central Defender),RCB,Central Defender,Yuta Nakamura,沼津,2024|沼津|2507.10; 2025|沼津|684.74,沼津,2024|沼津|2835.00; 2025|沼津|0.00,exact,composite_exact,matched,"score>=82.0, gap>=12.0, name>=70.0"
2024-2025,J3,菊地　脩太,Shuta Kikuchi,DF,Central Defender,3393.0,3709.88,CB,センターバック,Right Center Back (Position Group: Central Defender),Right Center Back,Central Defender,Shuta Kikuchi,琉球,2025|琉球|3709.88,琉球,2025|琉球|0.00,exact,composite_exact,matched,"score>=82.0, gap>=12.0, name>=70.0"
2024-2025,J3,宮部　大己,Taiki Miyabe,DF,Central Defender,3346.0,3780.38,CB,センターバック,Left Center Back (Position Group: Central Defender),Left Center Back,Central Defender,Taiki Miyabe,松本,2025|松本|2122.17; 2024|松本|1658.21,松本,2024|松本|1439.00; 2025|松本|0.00,exact,composite_exact,matched,"自動採用条件未達: score>=82.0, gap>=12.0, name>=70.0"
2024-2025,J3,工藤　孝太,Kota Kudo,DF,Central Defender,3240.0,2490.04,CB,センターバック,LCB (Position Group: Central Defender),LCB,Central Defender,Kota Kudo,北九州,2024|北九州|2490.04,北九州,2024|北九州|3240.00,exact,composite_exact,matched,"score>=82.0, gap>=12.0, name>=70.0"
2024-2025,J3,市原　亮太,Ryota  Ichihara,DF,Central Defender,3158.0,2561.07,CB,センターバック,RCB (Position Group: Central Defender),RCB,Central Defender,Ryota Ichihara,今治,2024|今治|2561.07,今治,2024|今治|3158.00,normalized,composite_normalized,matched,"score>=82.0, gap>=12.0, name>=70.0"
2024-2025,J3,金浦　真樹,Masaki Kaneura,MF,Central Defender,3157.0,3298.02,CB,センターバック,RCB (Position Group: Central Defender),RCB,Central Defender,Masaki Kaneura,鳥取,2025|鳥取|1858.40; 2024|鳥取|1439.62,鳥取,2024|鳥取|1399.00; 2025|鳥取|0.00,exact,composite_exact,matched,j3_2024_2025_mapping_issue_name_matches 手動確定 (2026-04-09); confidence=high; issues元候補: Kodai Dohi
2024-2025,J3,佐藤　喜生,Yoshiki Sato,DF,Central Defender,3152.0,3444.48,CB,センターバック,Left Center Back (Position Group: Central Defender),Left Center Back,Central Defender,Yoshiki Sato,栃木Ｃ,2025|栃木Ｃ|3444.48,栃木Ｃ,2025|栃木Ｃ|0.00,exact,composite_exact,matched,j3_2024_2025_mapping_issues 手動確定 (2026-04-08)
2024-2025,J3,加藤　徹也,Tetsuya Kato,DF,Central Defender,3103.0,2567.86,CB,センターバック,LCB (Position Group: Central Defender),LCB,Central Defender,Tetsuya Kato,今治,2024|今治|2567.86,今治,2024|今治|3103.00,exact,composite_exact,matched,"score>=82.0, gap>=12.0, name>=70.0"
2024-2025,J3,宗近　慧,Kei Munechika,DF,Central Defender,2984.0,2294.51,CB,センターバック,CB (Position Group: Central Defender),CB,Central Defender,Kei Munechika,讃岐,2024|讃岐|2294.51,讃岐,2024|讃岐|2984.00,exact,composite_exact,matched,"score>=82.0, gap>=12.0, name>=70.0"
2024-2025,J3,千布　一輝,Kazuki Chibu,MF,Central Defender,2982.0,3479.1999999999994,CB,センターバック,Left Center Back (Position Group: Central Defender),Left Center Back,Central Defender,Kazuki Chibu,鹿児島,2025|鹿児島|3479.20,鹿児島,2025|鹿児島|0.00,exact,composite_exact,matched,j3_2024_2025_mapping_issue_name_matches 手動確定 (2026-04-09); confidence=review; issues元候補: Kazuak Ihori
2024-2025,J3,池ヶ谷　颯斗,Hayato Ikegaya,DF,Central Defender,2938.0,1970.19,CB,センターバック,RCB (Position Group: Central Defender),RCB,Central Defender,Hayato Ikegaya,長野,2024|長野|1970.19,長野,2024|長野|2938.00,exact,composite_exact,matched,j3_2024_2025_mapping_issues 手動確定 (2026-04-08)
2024-2025,J3,マテイ　ヨニッチ,Matej Jonjić,DF,Central Defender,2919.0,3204.69,CB,センターバック,Right Center Back (Position Group: Central Defender),Right Center Back,Central Defender,Matej Jonjić,栃木Ｃ,2025|栃木Ｃ|3204.69,栃木Ｃ,2025|栃木Ｃ|0.00,exact,composite_exact,matched,"自動採用条件未達: score>=82.0, gap>=12.0, name>=70.0"
2024-2025,J3,大畑　隆也,Ryuya Ohata,DF,Central Defender,2864.0,3137.07,CB,センターバック,Center Back (Position Group: Central Defender),Center Back,Central Defender,Ryuya Ohata,群馬,2025|群馬|3137.07,群馬,2025|群馬|0.00,exact,composite_exact,matched,"自動採用条件未達: score>=82.0, gap>=12.0, name>=70.0"
2024-2025,J3,篠﨑　輝和,Terukazu Shinozaki,DF,Central Defender,2732.0,3192.56,CB,センターバック,Right Center Back (Position Group: Central Defender),Right Center Back,Central Defender,Terukazu Shinozaki,沼津,2025|沼津|2994.79; 2024|沼津|197.77,沼津,2024|沼津|180.00; 2025|沼津|0.00,exact,composite_exact,matched,"自動採用条件未達: score>=82.0, gap>=12.0, name>=70.0"
2024-2025,J3,沼田　航征,Kosei Numata,MF,Midfield,2720.0,3035.78,CB,センターバック,Left Center Back (Position Group: Central Defender),Left Center Back,Central Defender,Kosei Numata,沼津,2025|沼津|1885.47; 2024|沼津|1150.31,沼津,2024|沼津|1201.00; 2025|沼津|0.00,exact,composite_exact,matched,"score>=82.0, gap>=12.0, name>=70.0"
2024-2025,J3,鈴木　俊也,Shunya Suzuki,DF,Central Defender,2697.0,2961.45,CB,センターバック,Left Center Back (Position Group: Central Defender),Left Center Back,Central Defender,Shunya Suzuki,高知,2025|高知|2930.96; 2024|大宮|30.49,大宮,2024|大宮|24.00; 2025|高知|0.00,exact,composite_exact,matched,"自動採用条件未達: score>=82.0, gap>=12.0, name>=70.0"
2024-2025,J3,市原　吏音,Rion Ichihara,DF,Central Defender,2695.0,2163.9,CB,センターバック,CB (Position Group: Central Defender),CB,Central Defender,Rion Ichihara,大宮,2024|大宮|2163.90,大宮,2024|大宮|2695.00,exact,composite_exact,matched,"score>=82.0, gap>=12.0, name>=70.0"
2024-2025,J3,村上　陽介,Yosuke Murakami,DF,Central Defender,2695.0,2259.57,CB,センターバック,RCB (Position Group: Central Defender),RCB,Central Defender,Yosuke Murakami,大宮,2024|大宮|2259.57,大宮,2024|大宮|2695.00,exact,composite_exact,matched,"自動採用条件未達: score>=82.0, gap>=12.0, name>=70.0"
2024-2025,J3,庄司　朋乃也,Honoya Shoji,DF,Central Defender,2669.0,2523.13,CB,センターバック,RCB (Position Group: Central Defender),RCB,Central Defender,Honoya Shoji,金沢,2024|金沢|1463.70; 2025|金沢|1059.43,金沢,2024|金沢|1825.00; 2025|金沢|0.00,exact,composite_exact,matched,"score>=82.0, gap>=12.0, name>=70.0"
2024-2025,J3,岩﨑　博,Hiroshi  Iwasaki,DF,Central Defender,2662.0,2914.71,CB,センターバック,Left Center Back (Position Group: Central Defender),Left Center Back,Central Defender,Hiroshi Iwasaki,栃木SC,2025|栃木SC|2914.71,栃木SC,2025|栃木SC|0.00,normalized,composite_normalized,matched,"自動採用条件未達: score>=82.0, gap>=12.0, name>=70.0"
2024-2025,J3,高橋　勇利也,Yuriya Takahashi,MF,Central Defender,2617.0,2863.92,CB,センターバック,Left Center Back (Position Group: Central Defender),Left Center Back,Central Defender,Yuriya Takahashi,群馬,2025|群馬|2863.92,群馬,2025|群馬|0.00,exact,composite_exact,matched,j3_2024_2025_mapping_issues 手動確定 (2026-04-08)
2024-2025,J3,福森　直也,Naoya Fukumori,DF,Central Defender,2607.0,2555.21,CB,センターバック,CB (Position Group: Central Defender),CB,Central Defender,Naoya Fukumori,今治,2024|今治|2555.21,今治,2024|今治|2607.00,exact,composite_exact,matched,"score>=82.0, gap>=12.0, name>=70.0"
2024-2025,J3,浦上　仁騎,Niki Urakami,DF,Central Defender,2597.0,2159.51,CB,センターバック,LCB (Position Group: Central Defender),LCB,Central Defender,Niki Urakami,大宮,2024|大宮|2159.51,大宮,2024|大宮|2597.00,exact,composite_exact,matched,j3_2024_2025_mapping_issues 手動確定 (2026-04-08)
2024-2025,J3,平松　航,Wataru Hiramatsu,DF,Central Defender,2565.0,2842.66,CB,センターバック,Center Back (Position Group: Central Defender),Center Back,Central Defender,Wataru Hiramatsu,栃木SC,2025|栃木SC|2842.66,栃木SC,2025|栃木SC|0.00,exact,composite_exact,matched,"自動採用条件未達: score>=82.0, gap>=12.0, name>=70.0"
2024-2025,J3,井上　竜太,Ryota Inoue,DF,Central Defender,2563.0,1919.58,CB,センターバック,LCB (Position Group: Central Defender),LCB,Central Defender,Ryota Inoue,金沢,2024|金沢|1919.58,金沢,2024|金沢|2563.00,exact,composite_exact,matched,"score>=82.0, gap>=12.0, name>=70.0"
2024-2025,J3,高橋　祥平,Shohei Takahashi,DF,Central Defender,2498.0,2651.73,CB,センターバック,Center Back (Position Group: Central Defender),Center Back,Central Defender,Shohei Takahashi,松本,2025|松本|1645.82; 2024|松本|1005.91,松本,2024|松本|1015.00; 2025|松本|0.00,exact,composite_exact,matched,"score>=82.0, gap>=12.0, name>=70.0"
2024-2025,J3,森　侑里,Yuri Mori,DF,Central Defender,2496.0,1842.74,CB,センターバック,RCB (Position Group: Central Defender),RCB,Central Defender,Yuri Mori,琉球,2024|琉球|1842.74,琉球,2024|琉球|2496.00,exact,composite_exact,matched,"score>=82.0, gap>=12.0, name>=70.0"
2024-2025,J3,松本　大輔,Daisuke Matsumoto,DF,Central Defender,2480.0,2856.49,CB,センターバック,Right Center Back (Position Group: Central Defender),Right Center Back,Central Defender,Daisuke Matsumoto,金沢,2025|金沢|2856.49,金沢,2025|金沢|0.00,exact,composite_exact,matched,"score>=82.0, gap>=12.0, name>=70.0"
2024-2025,J3,中里　崇宏,Takahiro Nakazato,MF,Midfield,2453.0,1470.2,CB,センターバック,LCB (Position Group: Central Defender),LCB,Central Defender,Takahiro Nakazato,YS横浜,2024|YS横浜|1470.20,YS横浜,2024|YS横浜|2453.00,exact,composite_exact,matched,"score>=82.0, gap>=12.0, name>=70.0"
2024-2025,J3,柳下　大樹,Daiki Yagishita,DF,Central Defender,2405.0,1970.62,CB,センターバック,RCB (Position Group: Central Defender),RCB,Central Defender,Daiki Yagishita,八戸,2024|八戸|1652.49; 2025|八戸|318.13,八戸,2024|八戸|2145.00; 2025|八戸|0.00,exact,composite_exact,matched,j3_2024_2025_mapping_issues 手動確定 (2026-04-08)
2024-2025,J3,山下　諒時,Ryoji Yamashita,DF,Central Defender,2357.0,1607.88,CB,センターバック,LCB (Position Group: Central Defender),LCB,Central Defender,Ryoji Yamashita,相模原,2024|相模原|1607.88,相模原,2024|相模原|2357.00,exact,composite_exact,matched,"score>=82.0, gap>=12.0, name>=70.0"
2024-2025,J3,大和　優槻,Yuzuki  Yamato,DF,Central Defender,2353.0,1753.45,CB,センターバック,RCB (Position Group: Central Defender),RCB,Central Defender,Yuzuki Yamato,岩手,2024|岩手|1377.53; 2025|琉球|375.92,岩手,2024|岩手|2030.00; 2025|琉球|0.00,normalized,composite_normalized,matched,"score>=82.0, gap>=12.0, name>=70.0"
2024-2025,J3,近石　哲平,Teppei Chikaishi,DF,Central Defender,2347.0,1781.13,CB,センターバック,CB (Position Group: Central Defender),CB,Central Defender,Teppei Chikaishi,八戸,2024|八戸|1577.90; 2025|八戸|203.23,八戸,2024|八戸|2166.00; 2025|八戸|0.00,exact,composite_exact,matched,"score>=82.0, gap>=12.0, name>=70.0"
2024-2025,J3,永野　修都,Shuto Nagano,DF,Central Defender,2330.0,2462.06,CB,センターバック,Center Back (Position Group: Central Defender),Center Back,Central Defender,Shuto Nagano,鳥取,2025|鳥取|2462.06,鳥取,2025|鳥取|0.00,exact,composite_exact,matched,"自動採用条件未達: score>=82.0, gap>=12.0, name>=70.0"
2024-2025,J3,藤谷　匠,Takumi Fujitani,DF,Central Defender,2327.0,2532.91,CB,センターバック,Right Center Back (Position Group: Central Defender),Right Center Back,Central Defender,Takumi Fujitani,福島,2025|福島|2532.91,福島,2025|福島|0.00,exact,composite_exact,matched,"score>=82.0, gap>=12.0, name>=70.0"
2024-2025,J3,黒石　貴哉,Takaya Kuroishi,DF,Full Back,2258.0,1522.25,CB,センターバック,RCB (Position Group: Central Defender),RCB,Central Defender,Takaya Kuroishi,長野,2024|長野|1522.25,長野,2024|長野|2258.00,exact,composite_exact,matched,"score>=82.0, gap>=12.0, name>=70.0"
2024-2025,J3,神山　京右,Kyosuke Kamiyama,DF,Central Defender,2256.0,1877.89,CB,センターバック,LCB (Position Group: Central Defender),LCB,Central Defender,Kyosuke Kamiyama,富山,2024|富山|1877.89,富山,2024|富山|2256.00,exact,composite_exact,matched,"score>=82.0, gap>=12.0, name>=70.0"
2024-2025,J3,田代　真一,Masakazu Tashiro,DF,Central Defender,2249.0,2277.36,CB,センターバック,CB (Position Group: Central Defender),CB,Central Defender,Masakazu Tashiro,相模原,2024|相模原|1287.92; 2025|相模原|989.44,相模原,2024|相模原|1363.00; 2025|相模原|0.00,exact,composite_exact,matched,j3_2024_2025_mapping_issues 手動確定 (2026-04-08)
2024-2025,J3,長倉　颯,Hayate Nagakura,DF,Central Defender,2245.0,2446.64,CB,センターバック,Left Center Back (Position Group: Central Defender),Left Center Back,Central Defender,Hayate Nagakura,金沢,2025|金沢|2446.64,金沢,2025|金沢|0.00,exact,composite_exact,matched,"score>=82.0, gap>=12.0, name>=70.0"
2024-2025,J3,加藤　慎太郎,Shintaro Kato,DF,Central Defender,2214.0,1997.29,CB,センターバック,Right Center Back (Position Group: Central Defender),Right Center Back,Central Defender,Shintaro Kato,岐阜,2025|岐阜|1277.91; 2024|八戸|699.43; 2025|八戸|19.95,八戸,2024|八戸|1043.00; 2025|八戸|0.00; 2025|岐阜|0.00,exact,composite_exact,matched,"score>=82.0, gap>=12.0, name>=70.0"
2024-2025,J3,深港　壮一郎,Soichiro Fukaminato,DF,Central Defender,2171.0,1692.12,CB,センターバック,LCB (Position Group: Central Defender),LCB,Central Defender,Soichiro Fukaminato,讃岐,2024|讃岐|1692.12,讃岐,2024|讃岐|2171.00,exact,composite_exact,matched,j3_2024_2025_mapping_issues 手動確定 (2026-04-08)
2024-2025,J3,花房　稔,Minoru Hanafusa,DF,Central Defender,2160.0,1658.73,CB,センターバック,RCB (Position Group: Central Defender),RCB,Central Defender,Minoru Hanafusa,YS横浜,2024|YS横浜|1658.73,YS横浜,2024|YS横浜|2160.00,exact,composite_exact,matched,"score>=82.0, gap>=12.0, name>=70.0"
2024-2025,J3,井上　航希,Koki Inoue,DF,Central Defender,2132.0,2266.29,CB,センターバック,Left Center Back (Position Group: Central Defender),Left Center Back,Central Defender,Koki Inoue,沼津,2025|沼津|1770.42; 2024|沼津|495.87,沼津,2024|沼津|540.00; 2025|沼津|0.00,exact,composite_exact,matched,"自動採用条件未達: score>=82.0, gap>=12.0, name>=70.0"
2024-2025,J3,水口　湧斗,Yuto Minakuchi,DF,Central Defender,2078.0,1978.23,CB,センターバック,RCB (Position Group: Central Defender),RCB,Central Defender,Yuto Minakuchi,FC大阪,2024|FC大阪|946.32; 2025|FC大阪|827.86; 2024|相模原|204.05,FC大阪,2024|FC大阪|900.00; 2024|相模原|467.00; 2025|FC大阪|0.00,exact,composite_exact,matched,"score>=82.0, gap>=12.0, name>=70.0"
2024-2025,J3,杉田　隼,Hayato Sugita,DF,Central Defender,2062.0,2255.75,CB,センターバック,Right Center Back (Position Group: Central Defender),Right Center Back,Central Defender,Hayato Sugita,松本,2025|松本|2255.75,松本,2025|松本|0.00,exact,composite_exact,matched,"score>=82.0, gap>=12.0, name>=70.0"
2024-2025,J3,ピトリック,Kevin Pytlik,DF,Central Defender,2041.0,2342.49,CB,センターバック,Right Center Back (Position Group: Central Defender),Right Center Back,Central Defender,Kevin Pytlik,相模原,2025|相模原|2342.49,相模原,2025|相模原|0.00,exact,composite_exact,matched,"自動採用条件未達: score>=82.0, gap>=12.0, name>=70.0"
2024-2025,J3,當麻　颯,Hayate Toma,DF,Central Defender,1992.0,2177.2,CB,センターバック,Left Center Back (Position Group: Central Defender),Left Center Back,Central Defender,Hayate Toma,福島,2025|福島|2177.20,福島,2025|福島|0.00,exact,composite_exact,matched,"自動採用条件未達: score>=82.0, gap>=12.0, name>=70.0"
2024-2025,J3,左合　修土,Shuto Sago,DF,Central Defender,1987.0,2208.0,CB,センターバック,Right Center Back (Position Group: Central Defender),Right Center Back,Central Defender,Shuto Sago,讃岐,2025|讃岐|2150.48; 2024|讃岐|57.52,讃岐,2024|讃岐|36.00; 2025|讃岐|0.00,exact,composite_exact,matched,"自動採用条件未達: score>=82.0, gap>=12.0, name>=70.0"
2024-2025,J3,綿引　康,Ko Watahiki,DF,Central Defender,1912.0,1958.99,CB,センターバック,Left Center Back (Position Group: Central Defender),Left Center Back,Central Defender,Ko Watahiki,相模原,2025|相模原|1420.67; 2024|相模原|538.32,相模原,2024|相模原|715.00; 2025|相模原|0.00,exact,composite_exact,matched,"自動採用条件未達: score>=82.0, gap>=12.0, name>=70.0"
2024-2025,J3,野瀬　翔也,Shoya  Nose,DF,Central Defender,1861.0,2078.15,CB,センターバック,Right Center Back (Position Group: Central Defender),Right Center Back,Central Defender,Shoya Nose,群馬,2025|群馬|2078.15,群馬,2025|群馬|0.00,normalized,composite_normalized,matched,"score>=82.0, gap>=12.0, name>=70.0"
2024-2025,J3,深津　康太,Kota Fukatsu,DF,Central Defender,1839.0,1437.33,CB,センターバック,CB (Position Group: Central Defender),CB,Central Defender,Kota Fukatsu,岩手,2024|岩手|1437.33,岩手,2024|岩手|1839.00,exact,composite_exact,matched,"score>=82.0, gap>=12.0, name>=70.0"
2024-2025,J3,長谷川　光基,Koki Hasegawa,DF,Central Defender,1819.0,1487.2,CB,センターバック,Right Center Back (Position Group: Central Defender),Right Center Back,Central Defender,Koki Hasegawa,北九州,2025|北九州|1121.40; 2024|北九州|365.80,北九州,2024|北九州|727.00; 2025|北九州|0.00,exact,composite_exact,matched,"score>=82.0, gap>=12.0, name>=70.0"
2024-2025,J3,砂森　和也,Kazuya Sunamori,DF,Central Defender,1804.0,1965.2,CB,センターバック,Left Center Back (Position Group: Central Defender),Left Center Back,Central Defender,Kazuya Sunamori,長野,2025|長野|1527.84; 2024|長野|437.36,長野,2024|長野|406.00; 2025|長野|0.00,exact,composite_exact,matched,"score>=82.0, gap>=12.0, name>=70.0"
2024-2025,J3,齊藤　隆成,Ryusei Saito,DF,Central Defender,1793.0,1101.99,CB,センターバック,LCB (Position Group: Central Defender),LCB,Central Defender,Ryusei Saito,FC大阪,2024|FC大阪|1101.99,FC大阪,2024|FC大阪|1793.00,exact,composite_exact,matched,j3_2024_2025_mapping_issues 手動確定 (2026-04-08)
2024-2025,J3,大城　蛍,Kei Oshiro,DF,Central Defender,1790.0,786.72,CB,センターバック,RCB (Position Group: Central Defender),RCB,Central Defender,Kei Oshiro,鳥取,2024|鳥取|786.72,鳥取,2024|鳥取|1790.00,exact,composite_exact,matched,j3_2024_2025_mapping_issues 手動確定 (2026-04-08)
2024-2025,J3,柳　雄太郎,Yutaro Yanagi,MF,Central Defender,1732.0,1207.6699999999998,CB,センターバック,RCB (Position Group: Central Defender),RCB,Central Defender,Yutaro Yanagi,YS横浜,2024|YS横浜|1164.60; 2025|讃岐|43.07,YS横浜,2024|YS横浜|1695.00; 2025|讃岐|0.00,exact,composite_exact,matched,j3_2024_2025_mapping_issue_name_matches 手動確定 (2026-04-09); confidence=review; issues元候補: Shunji Takemura
2024-2025,J3,吉田　知樹,Tomoki Yoshida,DF,Central Defender,1720.0,1874.4,CB,センターバック,Right Center Back (Position Group: Central Defender),Right Center Back,Central Defender,Tomoki Yoshida,高知,2025|高知|1874.40,高知,2025|高知|0.00,exact,composite_exact,matched,"score>=82.0, gap>=12.0, name>=70.0"
2024-2025,J3,藤原　拓也,Takuya Fujiwara,DF,Central Defender,1680.0,1541.07,CB,センターバック,LCB (Position Group: Central Defender),LCB,Central Defender,Takuya Fujiwara,YS横浜,2024|YS横浜|1480.95; 2025|栃木Ｃ|60.12,YS横浜,2024|YS横浜|1680.00,exact,composite_exact,matched,"score>=82.0, gap>=12.0, name>=70.0"
2024-2025,J3,堂鼻　起暉,Kazuki Dohana,DF,Central Defender,1677.0,977.5,CB,センターバック,LCB (Position Group: Central Defender),LCB,Central Defender,Kazuki Dohana,福島,2024|福島|977.50,福島,2024|福島|1677.00,exact,composite_exact,matched,j3_2024_2025_mapping_issues 手動確定 (2026-04-08)
2024-2025,J3,岡崎　慎,Makoto Okazaki,DF,Central Defender,1672.0,1896.53,CB,センターバック,Right Center Back (Position Group: Central Defender),Right Center Back,Central Defender,Makoto Okazaki,鹿児島,2025|鹿児島|1282.56; 2024|岐阜|613.97,岐阜,2024|岐阜|600.00; 2025|鹿児島|0.00,exact,composite_exact,matched,"自動採用条件未達: score>=82.0, gap>=12.0, name>=70.0"
2024-2025,J3,平　智広,Tomohiro Taira,DF,Central Defender,1639.0,1855.52,CB,センターバック,Left Center Back (Position Group: Central Defender),Left Center Back,Central Defender,Tomohiro Taira,金沢,2025|金沢|1008.23; 2024|金沢|847.29,金沢,2024|金沢|735.00; 2025|金沢|0.00,exact,composite_exact,matched,"score>=82.0, gap>=12.0, name>=70.0"
2024-2025,J3,小林　大智,Daichi Kobayashi,DF,Central Defender,1607.0,1751.12,CB,センターバック,Right Center Back (Position Group: Central Defender),Right Center Back,Central Defender,Daichi Kobayashi,高知,2025|高知|1751.12,高知,2025|高知|0.00,exact,composite_exact,matched,"score>=82.0, gap>=12.0, name>=70.0"
2024-2025,J3,林田　魁斗,Kaito Hayashida,DF,Central Defender,1576.0,1493.38,CB,センターバック,Right Center Back (Position Group: Central Defender),Right Center Back,Central Defender,Kaito Hayashida,讃岐,2025|讃岐|941.39; 2024|FC大阪|502.80; 2025|FC大阪|49.19,FC大阪,2024|FC大阪|704.00; 2025|FC大阪|0.00; 2025|讃岐|0.00,exact,composite_exact,matched,"score>=82.0, gap>=12.0, name>=70.0"
2024-2025,J3,野末　学,Satoru Nozue,DF,Central Defender,1568.0,1671.65,CB,センターバック,RCB (Position Group: Central Defender),RCB,Central Defender,Satoru Nozue,福島,2024|福島|1208.16; 2025|福島|463.49,福島,2024|福島|1192.00; 2025|福島|0.00,exact,composite_exact,matched,"score>=82.0, gap>=12.0, name>=70.0"
2024-2025,J3,小西　慶太郎,Keitaro Konishi,DF,Central Defender,1554.0,1719.86,CB,センターバック,Left Center Back (Position Group: Central Defender),Left Center Back,Central Defender,Keitaro Konishi,栃木Ｃ,2025|栃木Ｃ|1719.86,栃木Ｃ,2025|栃木Ｃ|0.00,exact,composite_exact,matched,"score>=82.0, gap>=12.0, name>=70.0"
2024-2025,J3,増谷　幸祐,Kosuke Masutani,DF,Central Defender,1527.0,1131.44,CB,センターバック,RCB (Position Group: Central Defender),RCB,Central Defender,Kosuke Masutani,琉球,2024|琉球|1131.44,琉球,2024|琉球|1527.00,exact,composite_exact,matched,"自動採用条件未達: score>=82.0, gap>=12.0, name>=70.0"
2024-2025,J3,小笠原　佳祐,Keisuke Ogasawara,DF,Central Defender,1512.0,1550.04,CB,センターバック,RCB (Position Group: Central Defender),RCB,Central Defender,Keisuke Ogasawara,相模原,2024|相模原|1062.31; 2025|相模原|487.73,相模原,2024|相模原|1128.00; 2025|相模原|0.00,exact,composite_exact,matched,"score>=82.0, gap>=12.0, name>=70.0"
2024-2025,J3,宮市　剛,Tsuyoshi Miyaichi,DF,Full Back,1497.0,1559.59,CB,センターバック,LCB (Position Group: Central Defender),LCB,Central Defender,Tsuyoshi Miyaichi,岩手,2024|岩手|1370.39; 2025|讃岐|189.20,岩手,2024|岩手|1345.00; 2025|讃岐|0.00,exact,composite_exact,matched,"score>=82.0, gap>=12.0, name>=70.0"
2024-2025,J3,グスタボ　リッシ,Gustavo Martini Rissi,DF,Central Defender,1488.0,1631.3,CB,センターバック,Left Center Back (Position Group: Central Defender),Left Center Back,Central Defender,Gustavo Martini Rissi,沼津,2025|沼津|890.16; 2024|沼津|741.14,沼津,2024|沼津|678.00; 2025|沼津|0.00,exact,composite_exact,matched,"自動採用条件未達: score>=82.0, gap>=12.0, name>=70.0"
2024-2025,J3,藤井　葉大,Yota Fujii,DF,Central Defender,1482.0,1592.24,CB,センターバック,Left Center Back (Position Group: Central Defender),Left Center Back,Central Defender,Yota Fujii,讃岐,2025|讃岐|1592.24,讃岐,2025|讃岐|0.00,exact,composite_exact,matched,"自動採用条件未達: score>=82.0, gap>=12.0, name>=70.0"
2024-2025,J3,脇本　晃成,Kosei Wakimoto,MF,Central Defender,1420.0,1185.0799999999997,CB,センターバック,RCB (Position Group: Central Defender),RCB,Central Defender,Kosei Wakimoto,富山,2024|富山|1185.08,富山,2024|富山|1420.00,exact,composite_exact,matched,j3_2024_2025_missing_english_name_research 手動確定 (2026-04-09)
2024-2025,J3,小柳　達司,Tatsushi Koyanagi,DF,Central Defender,1413.0,1554.6,CB,センターバック,Right Center Back (Position Group: Central Defender),Right Center Back,Central Defender,Tatsushi Koyanagi,群馬,2025|群馬|1554.60,群馬,2025|群馬|0.00,exact,composite_exact,matched,"score>=82.0, gap>=12.0, name>=70.0"
2024-2025,J3,井林　章,Akira Ibayashi,DF,Central Defender,1368.0,1485.58,CB,センターバック,Center Back (Position Group: Central Defender),Center Back,Central Defender,Akira Ibayashi,讃岐,2025|讃岐|1485.58,讃岐,2025|讃岐|0.00,exact,composite_exact,matched,"自動採用条件未達: score>=82.0, gap>=12.0, name>=70.0"
2024-2025,J3,眞鍋　旭輝,Hikaru Manabe,DF,Central Defender,1274.0,1604.84,CB,センターバック,Left Center Back (Position Group: Central Defender),Left Center Back,Central Defender,Hikaru Manabe,宮崎,2025|宮崎|1415.99; 2024|宮崎|188.85,宮崎,2024|宮崎|175.00; 2025|宮崎|0.00,exact,composite_exact,matched,j3_2024_2025_mapping_issues 手動確定 (2026-04-08)
2024-2025,J3,石井　光輝,Koki Ishii,DF,Central Defender,1264.0,1373.74,CB,センターバック,Right Center Back (Position Group: Central Defender),Right Center Back,Central Defender,Koki Ishii,長野,2025|長野|1279.76; 2024|長野|93.98,長野,2024|長野|86.00; 2025|長野|0.00,exact,composite_exact,matched,"score>=82.0, gap>=12.0, name>=70.0"
2024-2025,J3,佐古　真礼,Maaya Sako,DF,Central Defender,1244.0,802.68,CB,センターバック,LCB (Position Group: Central Defender),LCB,Central Defender,Maaya Sako,岩手,2024|岩手|802.68,岩手,2024|岩手|1244.00,exact,composite_exact,matched,j3_2024_2025_mapping_issues 手動確定 (2026-04-08)
2024-2025,J3,ヴァンイヤーデン　ショーン,Shawn Van Eerden,DF,Central Defender,1215.0,469.41,CB,センターバック,Center Back (Position Group: Central Defender),Center Back,Central Defender,Shawn Van Eerden,鳥取,2025|鳥取|335.83; 2024|YS横浜|133.58,YS横浜,2024|YS横浜|924.00; 2025|鳥取|0.00,exact,composite_exact,matched,j3_2024_2025_mapping_issues 手動確定 (2026-04-08)
2024-2025,J3,宮崎　海斗,Kaito Miyazaki,DF,Central Defender,1170.0,1539.75,CB,センターバック,Center Back (Position Group: Central Defender),Center Back,Central Defender,Kaito Miyazaki,沼津,2025|沼津|1494.13; 2025|金沢|45.62,沼津,2025|沼津|0.00,exact,composite_exact,matched,"score>=82.0, gap>=12.0, name>=70.0"
2024-2025,J3,今瀬　淳也,Junya Imase,DF,Central Defender,1160.0,1171.71,CB,センターバック,LCB (Position Group: Central Defender),LCB,Central Defender,Junya Imase,富山,2024|富山|1171.71,富山,2024|富山|1160.00,exact,composite_exact,matched,"score>=82.0, gap>=12.0, name>=70.0"
2024-2025,J3,松村　厳,Gen Matsumura,MF,Central Defender,1158.0,1283.36,CB,センターバック,Left Center Back (Position Group: Central Defender),Left Center Back,Central Defender,Gen Matsumura,松本,2025|松本|1283.36,松本,2025|松本|0.00,exact,composite_exact,matched,j3_2024_2025_mapping_issue_name_matches 手動確定 (2026-04-09); confidence=high; issues元候補: Ryuji Kokubu
2024-2025,J3,行德　瑛,Ei Gyotoku,DF,Central Defender,1128.0,1250.58,CB,センターバック,Right Center Back (Position Group: Central Defender),Right Center Back,Central Defender,Ei Gyotoku,長野,2025|長野|1152.45; 2024|長野|98.13,長野,2024|長野|90.00; 2025|長野|0.00,exact,composite_exact,matched,"自動採用条件未達: score>=82.0, gap>=12.0, name>=70.0"
2024-2025,J3,濱田　水輝,Mizuki Hamada,DF,Central Defender,1102.0,745.14,CB,センターバック,CB (Position Group: Central Defender),CB,Central Defender,Mizuki Hamada,大宮,2024|大宮|745.14,大宮,2024|大宮|1102.00,exact,composite_exact,matched,"score>=82.0, gap>=12.0, name>=70.0"
2024-2025,J3,広瀬　健太,Kenta Hirose,DF,Central Defender,1076.0,1228.39,CB,センターバック,Right Center Back (Position Group: Central Defender),Right Center Back,Central Defender,Kenta Hirose,鹿児島,2025|鹿児島|1228.39,鹿児島,2025|鹿児島|0.00,exact,composite_exact,matched,"score>=82.0, gap>=12.0, name>=70.0"
2024-2025,J3,藤嵜　智貴,Tomoki Fujisaki,DF,Central Defender,1027.0,642.94,CB,センターバック,LCB (Position Group: Central Defender),LCB,Central Defender,Tomoki Fujisaki,八戸,2024|八戸|642.94,八戸,2024|八戸|1027.00,exact,composite_exact,matched,j3_2024_2025_mapping_issues 手動確定 (2026-04-08)
2024-2025,J3,遠藤　元一,Genichi Endo,DF,Central Defender,1020.0,977.39,CB,センターバック,RCB (Position Group: Central Defender),RCB,Central Defender,Genichi Endo,岐阜,2024|岐阜|977.39,岐阜,2024|岐阜|1020.00,exact,composite_exact,matched,"score>=82.0, gap>=12.0, name>=70.0"
2024-2025,J3,田辺　陽太,Yota Tanabe,DF,Central Defender,1017.0,1098.08,CB,センターバック,Center Back (Position Group: Central Defender),Center Back,Central Defender,Yota Tanabe,高知,2025|高知|1098.08,高知,2025|高知|0.00,exact,composite_exact,matched,"score>=82.0, gap>=12.0, name>=70.0"
2024-2025,J3,二ノ宮　慈洋,Jiyo Ninomiya,DF,Central Defender,1010.0,1109.57,CB,センターバック,Center Back (Position Group: Central Defender),Center Back,Central Defender,Jiyo Ninomiya,松本,2025|松本|1076.80; 2024|松本|32.77,松本,2024|松本|20.00; 2025|松本|0.00,exact,composite_exact,matched,"score>=82.0, gap>=12.0, name>=70.0"
2024-2025,J3,斉藤　諒,Ryo Saito,DF,Central Defender,1010.0,619.67,CB,センターバック,LCB (Position Group: Central Defender),LCB,Central Defender,Ryo Saito,岩手,2024|岩手|619.67,岩手,2024|岩手|1010.00,exact,composite_exact,matched,"自動採用条件未達: score>=82.0, gap>=12.0, name>=70.0"
2024-2025,J3,山内　琳太郎,Rintaro Yamauchi,DF,Central Defender,985.0,1090.6,CB,センターバック,Center Back (Position Group: Central Defender),Center Back,Central Defender,Rintaro Yamauchi,相模原,2025|相模原|1090.60,相模原,2025|相模原|0.00,exact,composite_exact,matched,"score>=82.0, gap>=12.0, name>=70.0"
2024-2025,J3,寺阪　尚悟,Shogo Terasaka,DF,Central Defender,974.0,988.04,CB,センターバック,LCB (Position Group: Central Defender),LCB,Central Defender,Shogo Terasaka,岐阜,2024|岐阜|693.75; 2025|岐阜|294.29,岐阜,2024|岐阜|707.00; 2025|岐阜|0.00,exact,composite_exact,matched,"自動採用条件未達: score>=82.0, gap>=12.0, name>=70.0"
2024-2025,J3,今井　那生,Naiki Imai,DF,Central Defender,961.0,1092.2,CB,センターバック,Right Center Back (Position Group: Central Defender),Right Center Back,Central Defender,Naiki Imai,高知,2025|高知|1092.20,高知,2025|高知|0.00,exact,composite_exact,matched,"自動採用条件未達: score>=82.0, gap>=12.0, name>=70.0"
2024-2025,J3,西野　奨太,Shota Nishino,DF,Central Defender,958.0,1202.47,CB,センターバック,RCB (Position Group: Central Defender),RCB,Central Defender,Shota Nishino,讃岐,2024|讃岐|1202.47,讃岐,2024|讃岐|958.00,exact,composite_exact,matched,"score>=82.0, gap>=12.0, name>=70.0"
2024-2025,J3,下堂　竜聖,Ryusei Shimodo,DF,Central Defender,956.0,461.55000000000007,CB,センターバック,LCB (Position Group: Central Defender),LCB,Central Defender,Ryusei Shimodo,富山,2024|富山|461.55,富山,2024|富山|956.00,exact,composite_exact,matched,j3_2024_2025_mapping_issue_name_matches 手動確定 (2026-04-09); confidence=review; issues元候補: Ryusei Shimodo
2024-2025,J3,田中　誠太郎,Seitaro Tanaka,DF,Full Back,887.0,1035.89,CB,センターバック,Left Center Back (Position Group: Central Defender),Left Center Back,Central Defender,Seitaro Tanaka,宮崎,2025|宮崎|729.75; 2024|宮崎|306.14,宮崎,2024|宮崎|271.00; 2025|宮崎|0.00,exact,composite_exact,matched,"score>=82.0, gap>=12.0, name>=70.0"
2024-2025,J3,都並　優太,Yuta Tsunami,DF,Full Back,835.0,997.05,CB,センターバック,LCB (Position Group: Central Defender),LCB,Central Defender,Yuta Tsunami,奈良,2024|奈良|542.95; 2025|奈良|454.10,奈良,2024|奈良|448.00; 2025|奈良|0.00,exact,composite_exact,matched,"score>=82.0, gap>=12.0, name>=70.0"
2024-2025,J3,山内　舟征,Shusei Yamauchi,DF,Central Defender,825.0,847.27,CB,センターバック,CB (Position Group: Central Defender),CB,Central Defender,Shusei Yamauchi,岩手,2024|岩手|793.82; 2024|琉球|53.45,岩手,2024|岩手|643.00; 2024|琉球|182.00,exact,composite_exact,matched,"score>=82.0, gap>=12.0, name>=70.0"
2024-2025,J3,奈良坂　巧,Takumi Narasaka,DF,Central Defender,814.0,507.34,CB,センターバック,CB (Position Group: Central Defender),CB,Central Defender,Takumi Narasaka,讃岐,2024|讃岐|507.34,讃岐,2024|讃岐|814.00,exact,composite_exact,matched,"自動採用条件未達: score>=82.0, gap>=12.0, name>=70.0"
2024-2025,J3,鍋田　純志,Atsushi Nabeta,DF,Central Defender,811.0,828.8,CB,センターバック,RCB (Position Group: Central Defender),RCB,Central Defender,Atsushi Nabeta,富山,2024|富山|828.80,富山,2024|富山|811.00,exact,composite_exact,matched,"自動採用条件未達: score>=82.0, gap>=12.0, name>=70.0"
2024-2025,J3,内田　航平,Kohei Uchida,DF,Central Defender,776.0,864.98,CB,センターバック,Center Back (Position Group: Central Defender),Center Back,Central Defender,Kohei Uchida,栃木SC,2025|栃木SC|864.98,栃木SC,2025|栃木SC|0.00,exact,composite_exact,matched,"score>=82.0, gap>=12.0, name>=70.0"
2024-2025,J3,酒井　崇一,Shuichi Sakai,DF,Central Defender,753.0,831.3,CB,センターバック,Right Center Back (Position Group: Central Defender),Right Center Back,Central Defender,Shuichi Sakai,長野,2025|長野|831.30,長野,2025|長野|0.00,exact,composite_exact,matched,"score>=82.0, gap>=12.0, name>=70.0"
2024-2025,J3,東　廉太,Renta Higashi,DF,Central Defender,750.0,760.3,CB,センターバック,Right Center Back (Position Group: Central Defender),Right Center Back,Central Defender,Renta Higashi,北九州,2025|北九州|760.30,北九州,2025|北九州|0.00,exact,composite_exact,matched,"score>=82.0, gap>=12.0, name>=70.0"
2024-2025,J3,相馬　丞,Jo  Soma,DF,Central Defender,745.0,859.36,CB,センターバック,Right Center Back (Position Group: Central Defender),Right Center Back,Central Defender,Jo Soma,鹿児島,2025|鹿児島|859.36,鹿児島,2025|鹿児島|0.00,normalized,composite_normalized,matched,"score>=82.0, gap>=12.0, name>=70.0"
2024-2025,J3,端野　拓馬,Takuma Hashino,DF,Central Defender,724.0,169.73,CB,センターバック,LCB (Position Group: Central Defender),LCB,Central Defender,Takuma Hashino,YS横浜,2024|YS横浜|169.73,YS横浜,2024|YS横浜|724.00,exact,composite_exact,matched,j3_2024_2025_mapping_issues 手動確定 (2026-04-08)
2024-2025,J3,神谷　凱士,Kaito Kamiya,DF,Central Defender,711.0,804.31,CB,センターバック,Left Center Back (Position Group: Central Defender),Left Center Back,Central Defender,Kaito Kamiya,琉球,2025|琉球|804.31,琉球,2025|琉球|0.00,exact,composite_exact,matched,"自動採用条件未達: score>=82.0, gap>=12.0, name>=70.0"
2024-2025,J3,菊地　健太,Kenta Kikuchi,DF,Full Back,688.0,793.59,CB,センターバック,Left Center Back (Position Group: Central Defender),Left Center Back,Central Defender,Kenta Kikuchi,群馬,2025|群馬|793.59,群馬,2025|群馬|0.00,exact,composite_exact,matched,"score>=82.0, gap>=12.0, name>=70.0"
2024-2025,J3,ヘナン,Renan Dos Santos Paixão,DF,Central Defender,673.0,721.65,CB,センターバック,Left Center Back (Position Group: Central Defender),Left Center Back,Central Defender,Renan Dos Santos Paixão,鹿児島,2025|鹿児島|721.65,鹿児島,2025|鹿児島|0.00,exact,composite_exact,matched,j3_2024_2025_mapping_issues 手動確定 (2026-04-08)
2024-2025,J3,木邨　優人,Yuto  Kimura,DF,Central Defender,662.0,755.26,CB,センターバック,Left Center Back (Position Group: Central Defender),Left Center Back,Central Defender,Yuto Kimura,栃木SC,2025|栃木SC|755.26,栃木SC,2025|栃木SC|0.00,normalized,composite_normalized,matched,"score>=82.0, gap>=12.0, name>=70.0"
2024-2025,J3,伊勢　渉,Wataru Ise,DF,Central Defender,650.0,753.04,CB,センターバック,RCB (Position Group: Central Defender),RCB,Central Defender,Wataru Ise,奈良,2024|奈良|753.04,奈良,2024|奈良|650.00,exact,composite_exact,matched,"score>=82.0, gap>=12.0, name>=70.0"
2024-2025,J3,大武　峻,Shun Obu,DF,Central Defender,632.0,398.97,CB,センターバック,LCB (Position Group: Central Defender),LCB,Central Defender,Shun Obu,宮崎,2024|宮崎|398.97,宮崎,2024|宮崎|632.00,exact,composite_exact,matched,j3_2024_2025_mapping_issues 手動確定 (2026-04-08)
2024-2025,J3,竹内　悠力,Yuri Takeuchi,DF,Central Defender,628.0,390.92,CB,センターバック,RCB (Position Group: Central Defender),RCB,Central Defender,Yuri Takeuchi,今治,2024|今治|390.92,今治,2024|今治|628.00,exact,composite_exact,matched,j3_2024_2025_mapping_issues 手動確定 (2026-04-08)
2024-2025,J3,佐藤　大翔,Hiroto  Sato,DF,Central Defender,573.0,646.8,CB,センターバック,Right Center Back (Position Group: Central Defender),Right Center Back,Central Defender,Hiroto Sato,奈良,2025|奈良|646.80,奈良,2025|奈良|0.00,normalized,composite_normalized,matched,"score>=82.0, gap>=12.0, name>=70.0"
2024-2025,J3,金城　ジャスティン俊樹,Justin Toshiki Kinjo,MF,Central Defender,547.0,379.37,CB,センターバック,LCB (Position Group: Central Defender),LCB,Central Defender,Justin Kinjo,相模原,2024|相模原|379.37,相模原,2024|相模原|547.00,alias,alias,matched,j3_2024_2025_mapping_issues 手動確定 (2026-04-08) / SC元データ名: Justin Kinjo
2024-2025,J3,津覇　実樹,Jitsuki Tsuha,MF,Full Back,504.0,606.6899999999999,CB,センターバック,Left Center Back (Position Group: Central Defender),Left Center Back,Central Defender,Jitsuki Tsuha,琉球,2025|琉球|606.69,琉球,2025|琉球|0.00,exact,composite_exact,matched,j3_2024_2025_missing_english_name_research 手動確定 (2026-04-09)
2024-2025,J3,坂本　修佑,Shusuke Sakamoto,DF,Central Defender,500.0,449.32,CB,センターバック,RCB (Position Group: Central Defender),RCB,Central Defender,Shusuke Sakamoto,FC大阪,2024|FC大阪|449.32,FC大阪,2024|FC大阪|500.00,exact,composite_exact,matched,"score>=82.0, gap>=12.0, name>=70.0"
2024-2025,J3,平瀬　大,Dai Hirase,DF,Central Defender,479.0,548.03,CB,センターバック,Right Center Back (Position Group: Central Defender),Right Center Back,Central Defender,Dai Hirase,岐阜,2025|岐阜|548.03,岐阜,2025|岐阜|0.00,exact,composite_exact,matched,"score>=82.0, gap>=12.0, name>=70.0"
2024-2025,J3,橋内　優也,Yuya Hashiuchi,DF,Central Defender,453.0,155.82,CB,センターバック,LCB (Position Group: Central Defender),LCB,Central Defender,Yuya Hashiuchi,松本,2024|松本|155.82,松本,2024|松本|453.00,exact,composite_exact,matched,j3_2024_2025_mapping_issues 手動確定 (2026-04-08)
2024-2025,J3,川上　優樹,Yuki Kawakami,DF,Central Defender,451.0,498.65,CB,センターバック,RCB (Position Group: Central Defender),RCB,Central Defender,Yuki Kawakami,富山,2024|富山|498.65,富山,2024|富山|451.00,exact,composite_exact,matched,"score>=82.0, gap>=12.0, name>=70.0"
2024-2025,J3,高嶋　修也,Shuya Takashima,DF,Central Defender,406.0,475.79,CB,センターバック,Right Center Back (Position Group: Central Defender),Right Center Back,Central Defender,Shuya Takashima,栃木SC,2025|栃木SC|475.79,栃木SC,2025|栃木SC|0.00,exact,composite_exact,matched,"score>=82.0, gap>=12.0, name>=70.0"
2024-2025,J3,工藤　駿,Shun  Kudo,DF,Central Defender,362.0,297.95,CB,センターバック,LCB (Position Group: Central Defender),LCB,Central Defender,Shun Kudo,長野,2024|長野|297.95,長野,2024|長野|362.00,normalized,composite_normalized,matched,"score>=82.0, gap>=12.0, name>=70.0"
2024-2025,J3,國廣　周平,Shuhei Kunihiro,DF,Central Defender,338.0,292.17,CB,センターバック,CB (Position Group: Central Defender),CB,Central Defender,Shuhei Kunihiro,相模原,2024|相模原|292.17,相模原,2024|相模原|338.00,exact,composite_exact,matched,"score>=82.0, gap>=12.0, name>=70.0"
